13:54:30.305 debug: 29.03.2026, 13:54:30
13:54:30.305 debug: Project: D:\Dev\Games\gambling-mini-game
13:54:30.307 debug: Targets: editor,preview
13:54:30.338 debug: Incremental file seems great.
13:54:30.339 debug: Engine path: C:\ProgramData\cocos\editors\Creator\3.8.6\resources\resources\3d\engine
13:54:30.357 debug: Initializing target [Editor]
13:54:30.358 debug: Loading cache
13:54:30.379 debug: Loading cache costs 20.679599999999482ms.
13:54:30.379 debug: Engine features shipped in editor: base,gfx-webgl,gfx-webgl2,gfx-empty,gfx-webgpu,3d,animation,skeletal-animation,2d,rich-text,mask,graphics,ui-skew,ui,affine-transform,particle,particle-2d,physics-framework,physics-cannon,physics-physx,physics-ammo,physics-builtin,physics-2d-framework,physics-2d-box2d-jsb,physics-2d-box2d,physics-2d-builtin,physics-2d-box2d-wasm,intersection-2d,primitive,profiler,occlusion-query,geometry-renderer,debug-renderer,audio,video,xr,light-probe,terrain,webview,tween,tiled-map,vendor-google,spine-3.8,spine-4.2,dragon-bones,marionette,procedural-animation,custom-pipeline,custom-pipeline-builtin-scripts,custom-pipeline-post-process,legacy-pipeline,websocket,websocket-server,meshopt
13:54:30.380 debug: Our import map(foo:/bar): {
  "imports": {
    "cc": "cce:/internal/x/cc"
  }
}
13:54:30.380 debug: Initializing target [Preview]
13:54:30.381 debug: Loading cache
13:54:30.404 debug: Loading cache costs 23.582299999998213ms.
13:54:30.408 debug: Our import map(foo:/bar): {
  "imports": {
    "cc": "cce:/internal/x/cc"
  }
}
13:54:30.485 debug: Sync engine features: 2d,affine-transform,animation,audio,base,custom-pipeline,dragon-bones,gfx-webgl,gfx-webgl2,graphics,intersection-2d,mask,particle-2d,physics-2d-box2d,profiler,rich-text,spine-3.8,tiled-map,tween,ui,video,webview,custom-pipeline
13:54:30.488 debug: Reset databases. Enumerated domains: [
  {
    "root": "db://internal/",
    "physical": "C:\\ProgramData\\cocos\\editors\\Creator\\3.8.6\\resources\\resources\\3d\\engine\\editor\\assets"
  },
  {
    "root": "db://assets/",
    "physical": "D:\\Dev\\Games\\gambling-mini-game\\assets"
  }
]
13:54:30.489 debug: Our import map(foo:/bar): {
  "imports": {
    "cc": "cce:/internal/x/cc",
    "db://internal/": "file:///C:/ProgramData/cocos/editors/Creator/3.8.6/resources/resources/3d/engine/editor/assets/",
    "db://assets/": "file:///D:/Dev/Games/gambling-mini-game/assets/"
  }
}
13:54:30.490 debug: Our import map(foo:/bar): {
  "imports": {
    "cc": "cce:/internal/x/cc",
    "db://internal/": "file:///C:/ProgramData/cocos/editors/Creator/3.8.6/resources/resources/3d/engine/editor/assets/",
    "db://assets/": "file:///D:/Dev/Games/gambling-mini-game/assets/"
  }
}
13:54:30.491 debug: Pulling asset-db.
13:54:30.503 debug: Fetch asset-db cost: 11.344700000001467ms.
13:54:30.504 debug: Build iteration starts.
Number of accumulated asset changes: 21
Feature changed: false
13:54:30.504 debug: Target(editor) build started.
13:54:30.509 debug: Detected change: cce:/internal/x/cc. Last mtime: Thu Jan 01 1970 03:00:19 GMT+0300 (Москва, стандартное время), Current mtime: Thu Jan 01 1970 03:00:16 GMT+0300 (Москва, стандартное время)
13:54:30.509 debug: Inspect cce:/internal/x/cc
13:54:30.610 debug: transform url: 'cce:/internal/x/cc' costs: 101.20 ms
13:54:30.622 debug: Resolve cce:/internal/x/cc-fu/base from cce:/internal/x/cc as external dependency cce:/internal/x/cc-fu/base.
13:54:30.623 debug: Resolve cce:/internal/x/cc-fu/gfx-webgl from cce:/internal/x/cc as external dependency cce:/internal/x/cc-fu/gfx-webgl.
13:54:30.623 debug: Resolve cce:/internal/x/cc-fu/gfx-webgl2 from cce:/internal/x/cc as external dependency cce:/internal/x/cc-fu/gfx-webgl2.
13:54:30.623 debug: Resolve cce:/internal/x/cc-fu/gfx-empty from cce:/internal/x/cc as external dependency cce:/internal/x/cc-fu/gfx-empty.
13:54:30.623 debug: Resolve cce:/internal/x/cc-fu/gfx-webgpu from cce:/internal/x/cc as external dependency cce:/internal/x/cc-fu/gfx-webgpu.
13:54:30.623 debug: Resolve cce:/internal/x/cc-fu/3d from cce:/internal/x/cc as external dependency cce:/internal/x/cc-fu/3d.
13:54:30.623 debug: Resolve cce:/internal/x/cc-fu/animation from cce:/internal/x/cc as external dependency cce:/internal/x/cc-fu/animation.
13:54:30.623 debug: Resolve cce:/internal/x/cc-fu/skeletal-animation from cce:/internal/x/cc as external dependency cce:/internal/x/cc-fu/skeletal-animation.
13:54:30.623 debug: Resolve cce:/internal/x/cc-fu/2d from cce:/internal/x/cc as external dependency cce:/internal/x/cc-fu/2d.
13:54:30.623 debug: Resolve cce:/internal/x/cc-fu/sorting from cce:/internal/x/cc as external dependency cce:/internal/x/cc-fu/sorting.
13:54:30.623 debug: Resolve cce:/internal/x/cc-fu/rich-text from cce:/internal/x/cc as external dependency cce:/internal/x/cc-fu/rich-text.
13:54:30.624 debug: Resolve cce:/internal/x/cc-fu/mask from cce:/internal/x/cc as external dependency cce:/internal/x/cc-fu/mask.
13:54:30.624 debug: Resolve cce:/internal/x/cc-fu/graphics from cce:/internal/x/cc as external dependency cce:/internal/x/cc-fu/graphics.
13:54:30.624 debug: Resolve cce:/internal/x/cc-fu/ui-skew from cce:/internal/x/cc as external dependency cce:/internal/x/cc-fu/ui-skew.
13:54:30.624 debug: Resolve cce:/internal/x/cc-fu/ui from cce:/internal/x/cc as external dependency cce:/internal/x/cc-fu/ui.
13:54:30.624 debug: Resolve cce:/internal/x/cc-fu/affine-transform from cce:/internal/x/cc as external dependency cce:/internal/x/cc-fu/affine-transform.
13:54:30.624 debug: Resolve cce:/internal/x/cc-fu/particle from cce:/internal/x/cc as external dependency cce:/internal/x/cc-fu/particle.
13:54:30.624 debug: Resolve cce:/internal/x/cc-fu/particle-2d from cce:/internal/x/cc as external dependency cce:/internal/x/cc-fu/particle-2d.
13:54:30.624 debug: Resolve cce:/internal/x/cc-fu/physics-framework from cce:/internal/x/cc as external dependency cce:/internal/x/cc-fu/physics-framework.
13:54:30.624 debug: Resolve cce:/internal/x/cc-fu/physics-cannon from cce:/internal/x/cc as external dependency cce:/internal/x/cc-fu/physics-cannon.
13:54:30.624 debug: Resolve cce:/internal/x/cc-fu/physics-physx from cce:/internal/x/cc as external dependency cce:/internal/x/cc-fu/physics-physx.
13:54:30.624 debug: Resolve cce:/internal/x/cc-fu/physics-ammo from cce:/internal/x/cc as external dependency cce:/internal/x/cc-fu/physics-ammo.
13:54:30.624 debug: Resolve cce:/internal/x/cc-fu/physics-builtin from cce:/internal/x/cc as external dependency cce:/internal/x/cc-fu/physics-builtin.
13:54:30.624 debug: Resolve cce:/internal/x/cc-fu/physics-2d-framework from cce:/internal/x/cc as external dependency cce:/internal/x/cc-fu/physics-2d-framework.
13:54:30.624 debug: Resolve cce:/internal/x/cc-fu/physics-2d-box2d-jsb from cce:/internal/x/cc as external dependency cce:/internal/x/cc-fu/physics-2d-box2d-jsb.
13:54:30.624 debug: Resolve cce:/internal/x/cc-fu/physics-2d-box2d from cce:/internal/x/cc as external dependency cce:/internal/x/cc-fu/physics-2d-box2d.
13:54:30.624 debug: Resolve cce:/internal/x/cc-fu/physics-2d-builtin from cce:/internal/x/cc as external dependency cce:/internal/x/cc-fu/physics-2d-builtin.
13:54:30.625 debug: Resolve cce:/internal/x/cc-fu/physics-2d-box2d-wasm from cce:/internal/x/cc as external dependency cce:/internal/x/cc-fu/physics-2d-box2d-wasm.
13:54:30.625 debug: Resolve cce:/internal/x/cc-fu/intersection-2d from cce:/internal/x/cc as external dependency cce:/internal/x/cc-fu/intersection-2d.
13:54:30.625 debug: Resolve cce:/internal/x/cc-fu/primitive from cce:/internal/x/cc as external dependency cce:/internal/x/cc-fu/primitive.
13:54:30.625 debug: Resolve cce:/internal/x/cc-fu/profiler from cce:/internal/x/cc as external dependency cce:/internal/x/cc-fu/profiler.
13:54:30.625 debug: Resolve cce:/internal/x/cc-fu/geometry-renderer from cce:/internal/x/cc as external dependency cce:/internal/x/cc-fu/geometry-renderer.
13:54:30.625 debug: Resolve cce:/internal/x/cc-fu/audio from cce:/internal/x/cc as external dependency cce:/internal/x/cc-fu/audio.
13:54:30.625 debug: Resolve cce:/internal/x/cc-fu/video from cce:/internal/x/cc as external dependency cce:/internal/x/cc-fu/video.
13:54:30.625 debug: Resolve cce:/internal/x/cc-fu/xr from cce:/internal/x/cc as external dependency cce:/internal/x/cc-fu/xr.
13:54:30.625 debug: Resolve cce:/internal/x/cc-fu/light-probe from cce:/internal/x/cc as external dependency cce:/internal/x/cc-fu/light-probe.
13:54:30.625 debug: Resolve cce:/internal/x/cc-fu/terrain from cce:/internal/x/cc as external dependency cce:/internal/x/cc-fu/terrain.
13:54:30.625 debug: Resolve cce:/internal/x/cc-fu/webview from cce:/internal/x/cc as external dependency cce:/internal/x/cc-fu/webview.
13:54:30.625 debug: Resolve cce:/internal/x/cc-fu/tween from cce:/internal/x/cc as external dependency cce:/internal/x/cc-fu/tween.
13:54:30.625 debug: Resolve cce:/internal/x/cc-fu/tiled-map from cce:/internal/x/cc as external dependency cce:/internal/x/cc-fu/tiled-map.
13:54:30.625 debug: Resolve cce:/internal/x/cc-fu/vendor-google from cce:/internal/x/cc as external dependency cce:/internal/x/cc-fu/vendor-google.
13:54:30.625 debug: Resolve cce:/internal/x/cc-fu/spine from cce:/internal/x/cc as external dependency cce:/internal/x/cc-fu/spine.
13:54:30.625 debug: Resolve cce:/internal/x/cc-fu/dragon-bones from cce:/internal/x/cc as external dependency cce:/internal/x/cc-fu/dragon-bones.
13:54:30.625 debug: Resolve cce:/internal/x/cc-fu/custom-pipeline from cce:/internal/x/cc as external dependency cce:/internal/x/cc-fu/custom-pipeline.
13:54:30.625 debug: Resolve cce:/internal/x/cc-fu/custom-pipeline-post-process from cce:/internal/x/cc as external dependency cce:/internal/x/cc-fu/custom-pipeline-post-process.
13:54:30.625 debug: Resolve cce:/internal/x/cc-fu/legacy-pipeline from cce:/internal/x/cc as external dependency cce:/internal/x/cc-fu/legacy-pipeline.
13:54:30.626 debug: Detected change: cce:/internal/x/prerequisite-imports. Last mtime: Thu Jan 01 1970 03:42:12 GMT+0300 (Москва, стандартное время), Current mtime: Thu Jan 01 1970 03:00:17 GMT+0300 (Москва, стандартное время)
13:54:30.626 debug: Inspect cce:/internal/x/prerequisite-imports
13:54:30.658 debug: transform url: 'cce:/internal/x/prerequisite-imports' costs: 31.90 ms
13:54:30.660 debug: Resolve file:///C:/ProgramData/cocos/editors/Creator/3.8.6/resources/resources/3d/engine/editor/assets/default_renderpipeline/builtin-dof-pass.ts from cce:/internal/x/prerequisite-imports as file:///C:/ProgramData/cocos/editors/Creator/3.8.6/resources/resources/3d/engine/editor/assets/default_renderpipeline/builtin-dof-pass.ts.
13:54:30.662 debug: Resolve file:///C:/ProgramData/cocos/editors/Creator/3.8.6/resources/resources/3d/engine/editor/assets/default_renderpipeline/builtin-pipeline-pass.ts from cce:/internal/x/prerequisite-imports as file:///C:/ProgramData/cocos/editors/Creator/3.8.6/resources/resources/3d/engine/editor/assets/default_renderpipeline/builtin-pipeline-pass.ts.
13:54:30.663 debug: Resolve file:///C:/ProgramData/cocos/editors/Creator/3.8.6/resources/resources/3d/engine/editor/assets/default_renderpipeline/builtin-pipeline-settings.ts from cce:/internal/x/prerequisite-imports as file:///C:/ProgramData/cocos/editors/Creator/3.8.6/resources/resources/3d/engine/editor/assets/default_renderpipeline/builtin-pipeline-settings.ts.
13:54:30.664 debug: Resolve file:///C:/ProgramData/cocos/editors/Creator/3.8.6/resources/resources/3d/engine/editor/assets/default_renderpipeline/builtin-pipeline-types.ts from cce:/internal/x/prerequisite-imports as file:///C:/ProgramData/cocos/editors/Creator/3.8.6/resources/resources/3d/engine/editor/assets/default_renderpipeline/builtin-pipeline-types.ts.
13:54:30.666 debug: Resolve file:///C:/ProgramData/cocos/editors/Creator/3.8.6/resources/resources/3d/engine/editor/assets/default_renderpipeline/builtin-pipeline.ts from cce:/internal/x/prerequisite-imports as file:///C:/ProgramData/cocos/editors/Creator/3.8.6/resources/resources/3d/engine/editor/assets/default_renderpipeline/builtin-pipeline.ts.
13:54:30.667 debug: Resolve file:///C:/ProgramData/cocos/editors/Creator/3.8.6/resources/resources/3d/engine/editor/assets/tools/debug-view-runtime-control.ts from cce:/internal/x/prerequisite-imports as file:///C:/ProgramData/cocos/editors/Creator/3.8.6/resources/resources/3d/engine/editor/assets/tools/debug-view-runtime-control.ts.
13:54:30.668 debug: Resolve file:///D:/Dev/Games/gambling-mini-game/assets/scripts/core/GameFlowState.ts from cce:/internal/x/prerequisite-imports as file:///D:/Dev/Games/gambling-mini-game/assets/scripts/core/GameFlowState.ts.
13:54:30.668 debug: Resolve file:///D:/Dev/Games/gambling-mini-game/assets/scripts/core/GameManager.ts from cce:/internal/x/prerequisite-imports as file:///D:/Dev/Games/gambling-mini-game/assets/scripts/core/GameManager.ts.
13:54:30.669 debug: Resolve file:///D:/Dev/Games/gambling-mini-game/assets/scripts/data/GameConfig.ts from cce:/internal/x/prerequisite-imports as file:///D:/Dev/Games/gambling-mini-game/assets/scripts/data/GameConfig.ts.
13:54:30.669 debug: Resolve file:///D:/Dev/Games/gambling-mini-game/assets/scripts/data/Types.ts from cce:/internal/x/prerequisite-imports as file:///D:/Dev/Games/gambling-mini-game/assets/scripts/data/Types.ts.
13:54:30.670 debug: Resolve file:///D:/Dev/Games/gambling-mini-game/assets/scripts/game/AudioController.ts from cce:/internal/x/prerequisite-imports as file:///D:/Dev/Games/gambling-mini-game/assets/scripts/game/AudioController.ts.
13:54:30.670 debug: Resolve file:///D:/Dev/Games/gambling-mini-game/assets/scripts/game/FullscreenController.ts from cce:/internal/x/prerequisite-imports as file:///D:/Dev/Games/gambling-mini-game/assets/scripts/game/FullscreenController.ts.
13:54:30.671 debug: Resolve file:///D:/Dev/Games/gambling-mini-game/assets/scripts/game/WheelController.ts from cce:/internal/x/prerequisite-imports as file:///D:/Dev/Games/gambling-mini-game/assets/scripts/game/WheelController.ts.
13:54:30.671 debug: Resolve file:///D:/Dev/Games/gambling-mini-game/assets/scripts/services/GameService.ts from cce:/internal/x/prerequisite-imports as file:///D:/Dev/Games/gambling-mini-game/assets/scripts/services/GameService.ts.
13:54:30.672 debug: Resolve file:///D:/Dev/Games/gambling-mini-game/assets/scripts/services/RandomService.ts from cce:/internal/x/prerequisite-imports as file:///D:/Dev/Games/gambling-mini-game/assets/scripts/services/RandomService.ts.
13:54:30.673 debug: Resolve file:///D:/Dev/Games/gambling-mini-game/assets/scripts/strategies/LoseStrategy.ts from cce:/internal/x/prerequisite-imports as file:///D:/Dev/Games/gambling-mini-game/assets/scripts/strategies/LoseStrategy.ts.
13:54:30.673 debug: Resolve file:///D:/Dev/Games/gambling-mini-game/assets/scripts/strategies/ResultStrategy.ts from cce:/internal/x/prerequisite-imports as file:///D:/Dev/Games/gambling-mini-game/assets/scripts/strategies/ResultStrategy.ts.
13:54:30.674 debug: Resolve file:///D:/Dev/Games/gambling-mini-game/assets/scripts/strategies/WinStrategy.ts from cce:/internal/x/prerequisite-imports as file:///D:/Dev/Games/gambling-mini-game/assets/scripts/strategies/WinStrategy.ts.
13:54:30.674 debug: Resolve file:///D:/Dev/Games/gambling-mini-game/assets/scripts/ui/UIController.ts from cce:/internal/x/prerequisite-imports as file:///D:/Dev/Games/gambling-mini-game/assets/scripts/ui/UIController.ts.
13:54:30.675 debug: Resolve file:///D:/Dev/Games/gambling-mini-game/assets/scripts/utils/MathUtils.ts from cce:/internal/x/prerequisite-imports as file:///D:/Dev/Games/gambling-mini-game/assets/scripts/utils/MathUtils.ts.
13:54:30.675 debug: Resolve file:///D:/Dev/Games/gambling-mini-game/assets/scripts/utils/TweenUtils.ts from cce:/internal/x/prerequisite-imports as file:///D:/Dev/Games/gambling-mini-game/assets/scripts/utils/TweenUtils.ts.
13:54:30.676 debug: Resolve cce:/internal/code-quality/cr.mjs from file:///C:/ProgramData/cocos/editors/Creator/3.8.6/resources/resources/3d/engine/editor/assets/default_renderpipeline/builtin-dof-pass.ts as cce:/internal/code-quality/cr.mjs.
13:54:30.676 debug: Detected change: cce:/internal/code-quality/cr.mjs. Last mtime: Fri Mar 27 2026 13:33:23 GMT+0300 (Москва, стандартное время), Current mtime: Sun Mar 29 2026 13:54:13 GMT+0300 (Москва, стандартное время)
13:54:30.676 debug: Inspect cce:/internal/code-quality/cr.mjs
13:54:30.693 debug: transform url: 'cce:/internal/code-quality/cr.mjs' costs: 17.30 ms
13:54:30.702 debug: Resolve cc from file:///C:/ProgramData/cocos/editors/Creator/3.8.6/resources/resources/3d/engine/editor/assets/default_renderpipeline/builtin-dof-pass.ts as cce:/internal/x/cc.
13:54:30.702 debug: Resolve cc from file:///C:/ProgramData/cocos/editors/Creator/3.8.6/resources/resources/3d/engine/editor/assets/default_renderpipeline/builtin-dof-pass.ts as cce:/internal/x/cc.
13:54:30.702 debug: Resolve cc from file:///C:/ProgramData/cocos/editors/Creator/3.8.6/resources/resources/3d/engine/editor/assets/default_renderpipeline/builtin-dof-pass.ts as cce:/internal/x/cc.
13:54:30.702 debug: Resolve cc/env from file:///C:/ProgramData/cocos/editors/Creator/3.8.6/resources/resources/3d/engine/editor/assets/default_renderpipeline/builtin-dof-pass.ts as external dependency cc/env.
13:54:30.704 debug: Resolve ./builtin-pipeline-settings from file:///C:/ProgramData/cocos/editors/Creator/3.8.6/resources/resources/3d/engine/editor/assets/default_renderpipeline/builtin-dof-pass.ts as file:///C:/ProgramData/cocos/editors/Creator/3.8.6/resources/resources/3d/engine/editor/assets/default_renderpipeline/builtin-pipeline-settings.ts.
13:54:30.705 debug: Resolve ./builtin-pipeline-pass from file:///C:/ProgramData/cocos/editors/Creator/3.8.6/resources/resources/3d/engine/editor/assets/default_renderpipeline/builtin-dof-pass.ts as file:///C:/ProgramData/cocos/editors/Creator/3.8.6/resources/resources/3d/engine/editor/assets/default_renderpipeline/builtin-pipeline-pass.ts.
13:54:30.706 debug: Resolve ./builtin-pipeline from file:///C:/ProgramData/cocos/editors/Creator/3.8.6/resources/resources/3d/engine/editor/assets/default_renderpipeline/builtin-dof-pass.ts as file:///C:/ProgramData/cocos/editors/Creator/3.8.6/resources/resources/3d/engine/editor/assets/default_renderpipeline/builtin-pipeline.ts.
13:54:30.706 debug: Resolve cce:/internal/code-quality/cr.mjs from file:///C:/ProgramData/cocos/editors/Creator/3.8.6/resources/resources/3d/engine/editor/assets/default_renderpipeline/builtin-pipeline-settings.ts as cce:/internal/code-quality/cr.mjs.
13:54:30.706 debug: Resolve cc from file:///C:/ProgramData/cocos/editors/Creator/3.8.6/resources/resources/3d/engine/editor/assets/default_renderpipeline/builtin-pipeline-settings.ts as cce:/internal/x/cc.
13:54:30.706 debug: Resolve cc from file:///C:/ProgramData/cocos/editors/Creator/3.8.6/resources/resources/3d/engine/editor/assets/default_renderpipeline/builtin-pipeline-settings.ts as cce:/internal/x/cc.
13:54:30.706 debug: Resolve cc from file:///C:/ProgramData/cocos/editors/Creator/3.8.6/resources/resources/3d/engine/editor/assets/default_renderpipeline/builtin-pipeline-settings.ts as cce:/internal/x/cc.
13:54:30.706 debug: Resolve cc/env from file:///C:/ProgramData/cocos/editors/Creator/3.8.6/resources/resources/3d/engine/editor/assets/default_renderpipeline/builtin-pipeline-settings.ts as external dependency cc/env.
13:54:30.708 debug: Resolve ./builtin-pipeline-types from file:///C:/ProgramData/cocos/editors/Creator/3.8.6/resources/resources/3d/engine/editor/assets/default_renderpipeline/builtin-pipeline-settings.ts as file:///C:/ProgramData/cocos/editors/Creator/3.8.6/resources/resources/3d/engine/editor/assets/default_renderpipeline/builtin-pipeline-types.ts.
13:54:30.709 debug: Resolve cc from file:///C:/ProgramData/cocos/editors/Creator/3.8.6/resources/resources/3d/engine/editor/assets/default_renderpipeline/builtin-pipeline-types.ts as cce:/internal/x/cc.
13:54:30.709 debug: Resolve cc from file:///C:/ProgramData/cocos/editors/Creator/3.8.6/resources/resources/3d/engine/editor/assets/default_renderpipeline/builtin-pipeline-types.ts as cce:/internal/x/cc.
13:54:30.709 debug: Resolve cc from file:///C:/ProgramData/cocos/editors/Creator/3.8.6/resources/resources/3d/engine/editor/assets/default_renderpipeline/builtin-pipeline-types.ts as cce:/internal/x/cc.
13:54:30.709 debug: Resolve cce:/internal/code-quality/cr.mjs from file:///C:/ProgramData/cocos/editors/Creator/3.8.6/resources/resources/3d/engine/editor/assets/default_renderpipeline/builtin-pipeline-pass.ts as cce:/internal/code-quality/cr.mjs.
13:54:30.709 debug: Resolve cc from file:///C:/ProgramData/cocos/editors/Creator/3.8.6/resources/resources/3d/engine/editor/assets/default_renderpipeline/builtin-pipeline-pass.ts as cce:/internal/x/cc.
13:54:30.709 debug: Resolve cc from file:///C:/ProgramData/cocos/editors/Creator/3.8.6/resources/resources/3d/engine/editor/assets/default_renderpipeline/builtin-pipeline-pass.ts as cce:/internal/x/cc.
13:54:30.709 debug: Resolve cc from file:///C:/ProgramData/cocos/editors/Creator/3.8.6/resources/resources/3d/engine/editor/assets/default_renderpipeline/builtin-pipeline-pass.ts as cce:/internal/x/cc.
13:54:30.711 debug: Resolve ./builtin-pipeline-settings from file:///C:/ProgramData/cocos/editors/Creator/3.8.6/resources/resources/3d/engine/editor/assets/default_renderpipeline/builtin-pipeline-pass.ts as file:///C:/ProgramData/cocos/editors/Creator/3.8.6/resources/resources/3d/engine/editor/assets/default_renderpipeline/builtin-pipeline-settings.ts.
13:54:30.711 debug: Resolve cc/env from file:///C:/ProgramData/cocos/editors/Creator/3.8.6/resources/resources/3d/engine/editor/assets/default_renderpipeline/builtin-pipeline-pass.ts as external dependency cc/env.
13:54:30.711 debug: Resolve cce:/internal/code-quality/cr.mjs from file:///C:/ProgramData/cocos/editors/Creator/3.8.6/resources/resources/3d/engine/editor/assets/default_renderpipeline/builtin-pipeline.ts as cce:/internal/code-quality/cr.mjs.
13:54:30.711 debug: Resolve cc from file:///C:/ProgramData/cocos/editors/Creator/3.8.6/resources/resources/3d/engine/editor/assets/default_renderpipeline/builtin-pipeline.ts as cce:/internal/x/cc.
13:54:30.711 debug: Resolve cc from file:///C:/ProgramData/cocos/editors/Creator/3.8.6/resources/resources/3d/engine/editor/assets/default_renderpipeline/builtin-pipeline.ts as cce:/internal/x/cc.
13:54:30.711 debug: Resolve cc from file:///C:/ProgramData/cocos/editors/Creator/3.8.6/resources/resources/3d/engine/editor/assets/default_renderpipeline/builtin-pipeline.ts as cce:/internal/x/cc.
13:54:30.711 debug: Resolve cc/env from file:///C:/ProgramData/cocos/editors/Creator/3.8.6/resources/resources/3d/engine/editor/assets/default_renderpipeline/builtin-pipeline.ts as external dependency cc/env.
13:54:30.712 debug: Resolve ./builtin-pipeline-types from file:///C:/ProgramData/cocos/editors/Creator/3.8.6/resources/resources/3d/engine/editor/assets/default_renderpipeline/builtin-pipeline.ts as file:///C:/ProgramData/cocos/editors/Creator/3.8.6/resources/resources/3d/engine/editor/assets/default_renderpipeline/builtin-pipeline-types.ts.
13:54:30.713 debug: Resolve cc from file:///C:/ProgramData/cocos/editors/Creator/3.8.6/resources/resources/3d/engine/editor/assets/tools/debug-view-runtime-control.ts as cce:/internal/x/cc.
13:54:30.713 debug: Resolve cc from file:///C:/ProgramData/cocos/editors/Creator/3.8.6/resources/resources/3d/engine/editor/assets/tools/debug-view-runtime-control.ts as cce:/internal/x/cc.
13:54:30.713 debug: Resolve cc from file:///C:/ProgramData/cocos/editors/Creator/3.8.6/resources/resources/3d/engine/editor/assets/tools/debug-view-runtime-control.ts as cce:/internal/x/cc.
13:54:30.713 debug: Resolve cc from file:///D:/Dev/Games/gambling-mini-game/assets/scripts/core/GameFlowState.ts as cce:/internal/x/cc.
13:54:30.713 debug: Resolve cce:/internal/code-quality/cr.mjs from file:///D:/Dev/Games/gambling-mini-game/assets/scripts/core/GameManager.ts as cce:/internal/code-quality/cr.mjs.
13:54:30.713 debug: Resolve cc from file:///D:/Dev/Games/gambling-mini-game/assets/scripts/core/GameManager.ts as cce:/internal/x/cc.
13:54:30.713 debug: Resolve cc from file:///D:/Dev/Games/gambling-mini-game/assets/scripts/core/GameManager.ts as cce:/internal/x/cc.
13:54:30.713 debug: Resolve cc from file:///D:/Dev/Games/gambling-mini-game/assets/scripts/core/GameManager.ts as cce:/internal/x/cc.
13:54:30.714 debug: Resolve ../game/WheelController from file:///D:/Dev/Games/gambling-mini-game/assets/scripts/core/GameManager.ts as file:///D:/Dev/Games/gambling-mini-game/assets/scripts/game/WheelController.ts.
13:54:30.715 debug: Resolve ../ui/UIController from file:///D:/Dev/Games/gambling-mini-game/assets/scripts/core/GameManager.ts as file:///D:/Dev/Games/gambling-mini-game/assets/scripts/ui/UIController.ts.
13:54:30.716 debug: Resolve ../services/GameService from file:///D:/Dev/Games/gambling-mini-game/assets/scripts/core/GameManager.ts as file:///D:/Dev/Games/gambling-mini-game/assets/scripts/services/GameService.ts.
13:54:30.716 debug: Resolve ../services/RandomService from file:///D:/Dev/Games/gambling-mini-game/assets/scripts/core/GameManager.ts as file:///D:/Dev/Games/gambling-mini-game/assets/scripts/services/RandomService.ts.
13:54:30.717 debug: Resolve ./GameFlowState from file:///D:/Dev/Games/gambling-mini-game/assets/scripts/core/GameManager.ts as file:///D:/Dev/Games/gambling-mini-game/assets/scripts/core/GameFlowState.ts.
13:54:30.717 debug: Resolve ../data/GameConfig from file:///D:/Dev/Games/gambling-mini-game/assets/scripts/core/GameManager.ts as file:///D:/Dev/Games/gambling-mini-game/assets/scripts/data/GameConfig.ts.
13:54:30.717 debug: Resolve cce:/internal/code-quality/cr.mjs from file:///D:/Dev/Games/gambling-mini-game/assets/scripts/game/WheelController.ts as cce:/internal/code-quality/cr.mjs.
13:54:30.717 debug: Resolve cc from file:///D:/Dev/Games/gambling-mini-game/assets/scripts/game/WheelController.ts as cce:/internal/x/cc.
13:54:30.718 debug: Resolve cc from file:///D:/Dev/Games/gambling-mini-game/assets/scripts/game/WheelController.ts as cce:/internal/x/cc.
13:54:30.718 debug: Resolve cc from file:///D:/Dev/Games/gambling-mini-game/assets/scripts/game/WheelController.ts as cce:/internal/x/cc.
13:54:30.718 debug: Resolve ../data/GameConfig from file:///D:/Dev/Games/gambling-mini-game/assets/scripts/game/WheelController.ts as file:///D:/Dev/Games/gambling-mini-game/assets/scripts/data/GameConfig.ts.
13:54:30.718 debug: Resolve cc from file:///D:/Dev/Games/gambling-mini-game/assets/scripts/data/GameConfig.ts as cce:/internal/x/cc.
13:54:30.718 debug: Resolve cce:/internal/code-quality/cr.mjs from file:///D:/Dev/Games/gambling-mini-game/assets/scripts/ui/UIController.ts as cce:/internal/code-quality/cr.mjs.
13:54:30.718 debug: Resolve cc from file:///D:/Dev/Games/gambling-mini-game/assets/scripts/ui/UIController.ts as cce:/internal/x/cc.
13:54:30.718 debug: Resolve cc from file:///D:/Dev/Games/gambling-mini-game/assets/scripts/ui/UIController.ts as cce:/internal/x/cc.
13:54:30.719 debug: Resolve cc from file:///D:/Dev/Games/gambling-mini-game/assets/scripts/ui/UIController.ts as cce:/internal/x/cc.
13:54:30.719 debug: Resolve ../data/GameConfig from file:///D:/Dev/Games/gambling-mini-game/assets/scripts/ui/UIController.ts as file:///D:/Dev/Games/gambling-mini-game/assets/scripts/data/GameConfig.ts.
13:54:30.719 debug: Resolve cce:/internal/code-quality/cr.mjs from file:///D:/Dev/Games/gambling-mini-game/assets/scripts/services/GameService.ts as cce:/internal/code-quality/cr.mjs.
13:54:30.719 debug: Resolve cc from file:///D:/Dev/Games/gambling-mini-game/assets/scripts/services/GameService.ts as cce:/internal/x/cc.
13:54:30.720 debug: Resolve ../strategies/WinStrategy from file:///D:/Dev/Games/gambling-mini-game/assets/scripts/services/GameService.ts as file:///D:/Dev/Games/gambling-mini-game/assets/scripts/strategies/WinStrategy.ts.
13:54:30.721 debug: Resolve ../strategies/LoseStrategy from file:///D:/Dev/Games/gambling-mini-game/assets/scripts/services/GameService.ts as file:///D:/Dev/Games/gambling-mini-game/assets/scripts/strategies/LoseStrategy.ts.
13:54:30.721 debug: Resolve ../data/GameConfig from file:///D:/Dev/Games/gambling-mini-game/assets/scripts/services/GameService.ts as file:///D:/Dev/Games/gambling-mini-game/assets/scripts/data/GameConfig.ts.
13:54:30.721 debug: Resolve cce:/internal/code-quality/cr.mjs from file:///D:/Dev/Games/gambling-mini-game/assets/scripts/strategies/WinStrategy.ts as cce:/internal/code-quality/cr.mjs.
13:54:30.721 debug: Resolve cc from file:///D:/Dev/Games/gambling-mini-game/assets/scripts/strategies/WinStrategy.ts as cce:/internal/x/cc.
13:54:30.722 debug: Resolve cce:/internal/code-quality/cr.mjs from file:///D:/Dev/Games/gambling-mini-game/assets/scripts/strategies/LoseStrategy.ts as cce:/internal/code-quality/cr.mjs.
13:54:30.722 debug: Resolve cc from file:///D:/Dev/Games/gambling-mini-game/assets/scripts/strategies/LoseStrategy.ts as cce:/internal/x/cc.
13:54:30.722 debug: Resolve cc from file:///D:/Dev/Games/gambling-mini-game/assets/scripts/services/RandomService.ts as cce:/internal/x/cc.
13:54:30.722 debug: Resolve cc from file:///D:/Dev/Games/gambling-mini-game/assets/scripts/data/Types.ts as cce:/internal/x/cc.
13:54:30.722 debug: Resolve cc from file:///D:/Dev/Games/gambling-mini-game/assets/scripts/game/AudioController.ts as cce:/internal/x/cc.
13:54:30.722 debug: Resolve cc from file:///D:/Dev/Games/gambling-mini-game/assets/scripts/game/AudioController.ts as cce:/internal/x/cc.
13:54:30.722 debug: Resolve cc from file:///D:/Dev/Games/gambling-mini-game/assets/scripts/game/AudioController.ts as cce:/internal/x/cc.
13:54:30.722 debug: Resolve cc from file:///D:/Dev/Games/gambling-mini-game/assets/scripts/game/FullscreenController.ts as cce:/internal/x/cc.
13:54:30.722 debug: Resolve cc from file:///D:/Dev/Games/gambling-mini-game/assets/scripts/game/FullscreenController.ts as cce:/internal/x/cc.
13:54:30.722 debug: Resolve cc from file:///D:/Dev/Games/gambling-mini-game/assets/scripts/game/FullscreenController.ts as cce:/internal/x/cc.
13:54:30.723 debug: Resolve cce:/internal/code-quality/cr.mjs from file:///D:/Dev/Games/gambling-mini-game/assets/scripts/strategies/ResultStrategy.ts as cce:/internal/code-quality/cr.mjs.
13:54:30.723 debug: Resolve cc from file:///D:/Dev/Games/gambling-mini-game/assets/scripts/strategies/ResultStrategy.ts as cce:/internal/x/cc.
13:54:30.723 debug: Resolve cc from file:///D:/Dev/Games/gambling-mini-game/assets/scripts/utils/MathUtils.ts as cce:/internal/x/cc.
13:54:30.723 debug: Resolve cc from file:///D:/Dev/Games/gambling-mini-game/assets/scripts/utils/MathUtils.ts as cce:/internal/x/cc.
13:54:30.723 debug: Resolve cc from file:///D:/Dev/Games/gambling-mini-game/assets/scripts/utils/MathUtils.ts as cce:/internal/x/cc.
13:54:30.723 debug: Resolve cc from file:///D:/Dev/Games/gambling-mini-game/assets/scripts/utils/TweenUtils.ts as cce:/internal/x/cc.
13:54:30.723 debug: Resolve cc from file:///D:/Dev/Games/gambling-mini-game/assets/scripts/utils/TweenUtils.ts as cce:/internal/x/cc.
13:54:30.723 debug: Resolve cc from file:///D:/Dev/Games/gambling-mini-game/assets/scripts/utils/TweenUtils.ts as cce:/internal/x/cc.
13:54:30.744 debug: Target(editor) ends with cost 239.31850000000122ms.
13:54:30.745 debug: Target(preview) build started.
13:54:30.748 debug: Detected change: cce:/internal/x/cc. Last mtime: Thu Jan 01 1970 03:00:19 GMT+0300 (Москва, стандартное время), Current mtime: Thu Jan 01 1970 03:00:17 GMT+0300 (Москва, стандартное время)
13:54:30.748 debug: Inspect cce:/internal/x/cc
13:54:30.792 debug: transform url: 'cce:/internal/x/cc' costs: 43.60 ms
13:54:30.793 debug: Resolve cce:/internal/x/cc-fu/2d from cce:/internal/x/cc as external dependency cce:/internal/x/cc-fu/2d.
13:54:30.793 debug: Resolve cce:/internal/x/cc-fu/sorting from cce:/internal/x/cc as external dependency cce:/internal/x/cc-fu/sorting.
13:54:30.793 debug: Resolve cce:/internal/x/cc-fu/affine-transform from cce:/internal/x/cc as external dependency cce:/internal/x/cc-fu/affine-transform.
13:54:30.793 debug: Resolve cce:/internal/x/cc-fu/animation from cce:/internal/x/cc as external dependency cce:/internal/x/cc-fu/animation.
13:54:30.793 debug: Resolve cce:/internal/x/cc-fu/audio from cce:/internal/x/cc as external dependency cce:/internal/x/cc-fu/audio.
13:54:30.793 debug: Resolve cce:/internal/x/cc-fu/base from cce:/internal/x/cc as external dependency cce:/internal/x/cc-fu/base.
13:54:30.793 debug: Resolve cce:/internal/x/cc-fu/custom-pipeline from cce:/internal/x/cc as external dependency cce:/internal/x/cc-fu/custom-pipeline.
13:54:30.793 debug: Resolve cce:/internal/x/cc-fu/dragon-bones from cce:/internal/x/cc as external dependency cce:/internal/x/cc-fu/dragon-bones.
13:54:30.794 debug: Resolve cce:/internal/x/cc-fu/gfx-webgl from cce:/internal/x/cc as external dependency cce:/internal/x/cc-fu/gfx-webgl.
13:54:30.794 debug: Resolve cce:/internal/x/cc-fu/gfx-webgl2 from cce:/internal/x/cc as external dependency cce:/internal/x/cc-fu/gfx-webgl2.
13:54:30.794 debug: Resolve cce:/internal/x/cc-fu/graphics from cce:/internal/x/cc as external dependency cce:/internal/x/cc-fu/graphics.
13:54:30.794 debug: Resolve cce:/internal/x/cc-fu/intersection-2d from cce:/internal/x/cc as external dependency cce:/internal/x/cc-fu/intersection-2d.
13:54:30.794 debug: Resolve cce:/internal/x/cc-fu/mask from cce:/internal/x/cc as external dependency cce:/internal/x/cc-fu/mask.
13:54:30.794 debug: Resolve cce:/internal/x/cc-fu/particle-2d from cce:/internal/x/cc as external dependency cce:/internal/x/cc-fu/particle-2d.
13:54:30.794 debug: Resolve cce:/internal/x/cc-fu/physics-2d-box2d from cce:/internal/x/cc as external dependency cce:/internal/x/cc-fu/physics-2d-box2d.
13:54:30.794 debug: Resolve cce:/internal/x/cc-fu/physics-2d-framework from cce:/internal/x/cc as external dependency cce:/internal/x/cc-fu/physics-2d-framework.
13:54:30.794 debug: Resolve cce:/internal/x/cc-fu/profiler from cce:/internal/x/cc as external dependency cce:/internal/x/cc-fu/profiler.
13:54:30.794 debug: Resolve cce:/internal/x/cc-fu/rich-text from cce:/internal/x/cc as external dependency cce:/internal/x/cc-fu/rich-text.
13:54:30.794 debug: Resolve cce:/internal/x/cc-fu/spine from cce:/internal/x/cc as external dependency cce:/internal/x/cc-fu/spine.
13:54:30.794 debug: Resolve cce:/internal/x/cc-fu/tiled-map from cce:/internal/x/cc as external dependency cce:/internal/x/cc-fu/tiled-map.
13:54:30.794 debug: Resolve cce:/internal/x/cc-fu/tween from cce:/internal/x/cc as external dependency cce:/internal/x/cc-fu/tween.
13:54:30.794 debug: Resolve cce:/internal/x/cc-fu/ui from cce:/internal/x/cc as external dependency cce:/internal/x/cc-fu/ui.
13:54:30.794 debug: Resolve cce:/internal/x/cc-fu/video from cce:/internal/x/cc as external dependency cce:/internal/x/cc-fu/video.
13:54:30.794 debug: Resolve cce:/internal/x/cc-fu/webview from cce:/internal/x/cc as external dependency cce:/internal/x/cc-fu/webview.
13:54:30.794 debug: Detected change: cce:/internal/x/prerequisite-imports. Last mtime: Thu Jan 01 1970 03:42:12 GMT+0300 (Москва, стандартное время), Current mtime: Thu Jan 01 1970 03:00:17 GMT+0300 (Москва, стандартное время)
13:54:30.794 debug: Inspect cce:/internal/x/prerequisite-imports
13:54:30.816 debug: transform url: 'cce:/internal/x/prerequisite-imports' costs: 21.00 ms
13:54:30.832 debug: Resolve file:///C:/ProgramData/cocos/editors/Creator/3.8.6/resources/resources/3d/engine/editor/assets/default_renderpipeline/builtin-dof-pass.ts from cce:/internal/x/prerequisite-imports as file:///C:/ProgramData/cocos/editors/Creator/3.8.6/resources/resources/3d/engine/editor/assets/default_renderpipeline/builtin-dof-pass.ts.
13:54:30.833 debug: Resolve file:///C:/ProgramData/cocos/editors/Creator/3.8.6/resources/resources/3d/engine/editor/assets/default_renderpipeline/builtin-pipeline-pass.ts from cce:/internal/x/prerequisite-imports as file:///C:/ProgramData/cocos/editors/Creator/3.8.6/resources/resources/3d/engine/editor/assets/default_renderpipeline/builtin-pipeline-pass.ts.
13:54:30.834 debug: Resolve file:///C:/ProgramData/cocos/editors/Creator/3.8.6/resources/resources/3d/engine/editor/assets/default_renderpipeline/builtin-pipeline-settings.ts from cce:/internal/x/prerequisite-imports as file:///C:/ProgramData/cocos/editors/Creator/3.8.6/resources/resources/3d/engine/editor/assets/default_renderpipeline/builtin-pipeline-settings.ts.
13:54:30.835 debug: Resolve file:///C:/ProgramData/cocos/editors/Creator/3.8.6/resources/resources/3d/engine/editor/assets/default_renderpipeline/builtin-pipeline-types.ts from cce:/internal/x/prerequisite-imports as file:///C:/ProgramData/cocos/editors/Creator/3.8.6/resources/resources/3d/engine/editor/assets/default_renderpipeline/builtin-pipeline-types.ts.
13:54:30.836 debug: Resolve file:///C:/ProgramData/cocos/editors/Creator/3.8.6/resources/resources/3d/engine/editor/assets/default_renderpipeline/builtin-pipeline.ts from cce:/internal/x/prerequisite-imports as file:///C:/ProgramData/cocos/editors/Creator/3.8.6/resources/resources/3d/engine/editor/assets/default_renderpipeline/builtin-pipeline.ts.
13:54:30.837 debug: Resolve file:///C:/ProgramData/cocos/editors/Creator/3.8.6/resources/resources/3d/engine/editor/assets/tools/debug-view-runtime-control.ts from cce:/internal/x/prerequisite-imports as file:///C:/ProgramData/cocos/editors/Creator/3.8.6/resources/resources/3d/engine/editor/assets/tools/debug-view-runtime-control.ts.
13:54:30.838 debug: Resolve file:///D:/Dev/Games/gambling-mini-game/assets/scripts/core/GameFlowState.ts from cce:/internal/x/prerequisite-imports as file:///D:/Dev/Games/gambling-mini-game/assets/scripts/core/GameFlowState.ts.
13:54:30.838 debug: Resolve file:///D:/Dev/Games/gambling-mini-game/assets/scripts/core/GameManager.ts from cce:/internal/x/prerequisite-imports as file:///D:/Dev/Games/gambling-mini-game/assets/scripts/core/GameManager.ts.
13:54:30.839 debug: Resolve file:///D:/Dev/Games/gambling-mini-game/assets/scripts/data/GameConfig.ts from cce:/internal/x/prerequisite-imports as file:///D:/Dev/Games/gambling-mini-game/assets/scripts/data/GameConfig.ts.
13:54:30.839 debug: Resolve file:///D:/Dev/Games/gambling-mini-game/assets/scripts/data/Types.ts from cce:/internal/x/prerequisite-imports as file:///D:/Dev/Games/gambling-mini-game/assets/scripts/data/Types.ts.
13:54:30.840 debug: Resolve file:///D:/Dev/Games/gambling-mini-game/assets/scripts/game/AudioController.ts from cce:/internal/x/prerequisite-imports as file:///D:/Dev/Games/gambling-mini-game/assets/scripts/game/AudioController.ts.
13:54:30.840 debug: Resolve file:///D:/Dev/Games/gambling-mini-game/assets/scripts/game/FullscreenController.ts from cce:/internal/x/prerequisite-imports as file:///D:/Dev/Games/gambling-mini-game/assets/scripts/game/FullscreenController.ts.
13:54:30.841 debug: Resolve file:///D:/Dev/Games/gambling-mini-game/assets/scripts/game/WheelController.ts from cce:/internal/x/prerequisite-imports as file:///D:/Dev/Games/gambling-mini-game/assets/scripts/game/WheelController.ts.
13:54:30.841 debug: Resolve file:///D:/Dev/Games/gambling-mini-game/assets/scripts/services/GameService.ts from cce:/internal/x/prerequisite-imports as file:///D:/Dev/Games/gambling-mini-game/assets/scripts/services/GameService.ts.
13:54:30.842 debug: Resolve file:///D:/Dev/Games/gambling-mini-game/assets/scripts/services/RandomService.ts from cce:/internal/x/prerequisite-imports as file:///D:/Dev/Games/gambling-mini-game/assets/scripts/services/RandomService.ts.
13:54:30.843 debug: Resolve file:///D:/Dev/Games/gambling-mini-game/assets/scripts/strategies/LoseStrategy.ts from cce:/internal/x/prerequisite-imports as file:///D:/Dev/Games/gambling-mini-game/assets/scripts/strategies/LoseStrategy.ts.
13:54:30.843 debug: Resolve file:///D:/Dev/Games/gambling-mini-game/assets/scripts/strategies/ResultStrategy.ts from cce:/internal/x/prerequisite-imports as file:///D:/Dev/Games/gambling-mini-game/assets/scripts/strategies/ResultStrategy.ts.
13:54:30.845 debug: Resolve file:///D:/Dev/Games/gambling-mini-game/assets/scripts/strategies/WinStrategy.ts from cce:/internal/x/prerequisite-imports as file:///D:/Dev/Games/gambling-mini-game/assets/scripts/strategies/WinStrategy.ts.
13:54:30.845 debug: Resolve file:///D:/Dev/Games/gambling-mini-game/assets/scripts/ui/UIController.ts from cce:/internal/x/prerequisite-imports as file:///D:/Dev/Games/gambling-mini-game/assets/scripts/ui/UIController.ts.
13:54:30.846 debug: Resolve file:///D:/Dev/Games/gambling-mini-game/assets/scripts/utils/MathUtils.ts from cce:/internal/x/prerequisite-imports as file:///D:/Dev/Games/gambling-mini-game/assets/scripts/utils/MathUtils.ts.
13:54:30.846 debug: Resolve file:///D:/Dev/Games/gambling-mini-game/assets/scripts/utils/TweenUtils.ts from cce:/internal/x/prerequisite-imports as file:///D:/Dev/Games/gambling-mini-game/assets/scripts/utils/TweenUtils.ts.
13:54:30.847 debug: Resolve cce:/internal/code-quality/cr.mjs from file:///C:/ProgramData/cocos/editors/Creator/3.8.6/resources/resources/3d/engine/editor/assets/default_renderpipeline/builtin-dof-pass.ts as cce:/internal/code-quality/cr.mjs.
13:54:30.847 debug: Detected change: cce:/internal/code-quality/cr.mjs. Last mtime: Fri Mar 27 2026 13:33:23 GMT+0300 (Москва, стандартное время), Current mtime: Sun Mar 29 2026 13:54:13 GMT+0300 (Москва, стандартное время)
13:54:30.847 debug: Inspect cce:/internal/code-quality/cr.mjs
13:54:30.865 debug: transform url: 'cce:/internal/code-quality/cr.mjs' costs: 17.80 ms
13:54:30.866 debug: Resolve cc from file:///C:/ProgramData/cocos/editors/Creator/3.8.6/resources/resources/3d/engine/editor/assets/default_renderpipeline/builtin-dof-pass.ts as cce:/internal/x/cc.
13:54:30.866 debug: Resolve cc from file:///C:/ProgramData/cocos/editors/Creator/3.8.6/resources/resources/3d/engine/editor/assets/default_renderpipeline/builtin-dof-pass.ts as cce:/internal/x/cc.
13:54:30.866 debug: Resolve cc from file:///C:/ProgramData/cocos/editors/Creator/3.8.6/resources/resources/3d/engine/editor/assets/default_renderpipeline/builtin-dof-pass.ts as cce:/internal/x/cc.
13:54:30.866 debug: Resolve cc/env from file:///C:/ProgramData/cocos/editors/Creator/3.8.6/resources/resources/3d/engine/editor/assets/default_renderpipeline/builtin-dof-pass.ts as external dependency cc/env.
13:54:30.867 debug: Resolve ./builtin-pipeline-settings from file:///C:/ProgramData/cocos/editors/Creator/3.8.6/resources/resources/3d/engine/editor/assets/default_renderpipeline/builtin-dof-pass.ts as file:///C:/ProgramData/cocos/editors/Creator/3.8.6/resources/resources/3d/engine/editor/assets/default_renderpipeline/builtin-pipeline-settings.ts.
13:54:30.868 debug: Resolve ./builtin-pipeline-pass from file:///C:/ProgramData/cocos/editors/Creator/3.8.6/resources/resources/3d/engine/editor/assets/default_renderpipeline/builtin-dof-pass.ts as file:///C:/ProgramData/cocos/editors/Creator/3.8.6/resources/resources/3d/engine/editor/assets/default_renderpipeline/builtin-pipeline-pass.ts.
13:54:30.870 debug: Resolve ./builtin-pipeline from file:///C:/ProgramData/cocos/editors/Creator/3.8.6/resources/resources/3d/engine/editor/assets/default_renderpipeline/builtin-dof-pass.ts as file:///C:/ProgramData/cocos/editors/Creator/3.8.6/resources/resources/3d/engine/editor/assets/default_renderpipeline/builtin-pipeline.ts.
13:54:30.870 debug: Resolve cce:/internal/code-quality/cr.mjs from file:///C:/ProgramData/cocos/editors/Creator/3.8.6/resources/resources/3d/engine/editor/assets/default_renderpipeline/builtin-pipeline-settings.ts as cce:/internal/code-quality/cr.mjs.
13:54:30.870 debug: Resolve cc from file:///C:/ProgramData/cocos/editors/Creator/3.8.6/resources/resources/3d/engine/editor/assets/default_renderpipeline/builtin-pipeline-settings.ts as cce:/internal/x/cc.
13:54:30.870 debug: Resolve cc from file:///C:/ProgramData/cocos/editors/Creator/3.8.6/resources/resources/3d/engine/editor/assets/default_renderpipeline/builtin-pipeline-settings.ts as cce:/internal/x/cc.
13:54:30.870 debug: Resolve cc from file:///C:/ProgramData/cocos/editors/Creator/3.8.6/resources/resources/3d/engine/editor/assets/default_renderpipeline/builtin-pipeline-settings.ts as cce:/internal/x/cc.
13:54:30.870 debug: Resolve cc/env from file:///C:/ProgramData/cocos/editors/Creator/3.8.6/resources/resources/3d/engine/editor/assets/default_renderpipeline/builtin-pipeline-settings.ts as external dependency cc/env.
13:54:30.871 debug: Resolve ./builtin-pipeline-types from file:///C:/ProgramData/cocos/editors/Creator/3.8.6/resources/resources/3d/engine/editor/assets/default_renderpipeline/builtin-pipeline-settings.ts as file:///C:/ProgramData/cocos/editors/Creator/3.8.6/resources/resources/3d/engine/editor/assets/default_renderpipeline/builtin-pipeline-types.ts.
13:54:30.871 debug: Resolve cc from file:///C:/ProgramData/cocos/editors/Creator/3.8.6/resources/resources/3d/engine/editor/assets/default_renderpipeline/builtin-pipeline-types.ts as cce:/internal/x/cc.
13:54:30.871 debug: Resolve cc from file:///C:/ProgramData/cocos/editors/Creator/3.8.6/resources/resources/3d/engine/editor/assets/default_renderpipeline/builtin-pipeline-types.ts as cce:/internal/x/cc.
13:54:30.871 debug: Resolve cc from file:///C:/ProgramData/cocos/editors/Creator/3.8.6/resources/resources/3d/engine/editor/assets/default_renderpipeline/builtin-pipeline-types.ts as cce:/internal/x/cc.
13:54:30.871 debug: Resolve cce:/internal/code-quality/cr.mjs from file:///C:/ProgramData/cocos/editors/Creator/3.8.6/resources/resources/3d/engine/editor/assets/default_renderpipeline/builtin-pipeline-pass.ts as cce:/internal/code-quality/cr.mjs.
13:54:30.871 debug: Resolve cc from file:///C:/ProgramData/cocos/editors/Creator/3.8.6/resources/resources/3d/engine/editor/assets/default_renderpipeline/builtin-pipeline-pass.ts as cce:/internal/x/cc.
13:54:30.872 debug: Resolve cc from file:///C:/ProgramData/cocos/editors/Creator/3.8.6/resources/resources/3d/engine/editor/assets/default_renderpipeline/builtin-pipeline-pass.ts as cce:/internal/x/cc.
13:54:30.872 debug: Resolve cc from file:///C:/ProgramData/cocos/editors/Creator/3.8.6/resources/resources/3d/engine/editor/assets/default_renderpipeline/builtin-pipeline-pass.ts as cce:/internal/x/cc.
13:54:30.873 debug: Resolve ./builtin-pipeline-settings from file:///C:/ProgramData/cocos/editors/Creator/3.8.6/resources/resources/3d/engine/editor/assets/default_renderpipeline/builtin-pipeline-pass.ts as file:///C:/ProgramData/cocos/editors/Creator/3.8.6/resources/resources/3d/engine/editor/assets/default_renderpipeline/builtin-pipeline-settings.ts.
13:54:30.873 debug: Resolve cc/env from file:///C:/ProgramData/cocos/editors/Creator/3.8.6/resources/resources/3d/engine/editor/assets/default_renderpipeline/builtin-pipeline-pass.ts as external dependency cc/env.
13:54:30.875 debug: Resolve cce:/internal/code-quality/cr.mjs from file:///C:/ProgramData/cocos/editors/Creator/3.8.6/resources/resources/3d/engine/editor/assets/default_renderpipeline/builtin-pipeline.ts as cce:/internal/code-quality/cr.mjs.
13:54:30.875 debug: Resolve cc from file:///C:/ProgramData/cocos/editors/Creator/3.8.6/resources/resources/3d/engine/editor/assets/default_renderpipeline/builtin-pipeline.ts as cce:/internal/x/cc.
13:54:30.875 debug: Resolve cc from file:///C:/ProgramData/cocos/editors/Creator/3.8.6/resources/resources/3d/engine/editor/assets/default_renderpipeline/builtin-pipeline.ts as cce:/internal/x/cc.
13:54:30.875 debug: Resolve cc from file:///C:/ProgramData/cocos/editors/Creator/3.8.6/resources/resources/3d/engine/editor/assets/default_renderpipeline/builtin-pipeline.ts as cce:/internal/x/cc.
13:54:30.875 debug: Resolve cc/env from file:///C:/ProgramData/cocos/editors/Creator/3.8.6/resources/resources/3d/engine/editor/assets/default_renderpipeline/builtin-pipeline.ts as external dependency cc/env.
13:54:30.877 debug: Resolve ./builtin-pipeline-types from file:///C:/ProgramData/cocos/editors/Creator/3.8.6/resources/resources/3d/engine/editor/assets/default_renderpipeline/builtin-pipeline.ts as file:///C:/ProgramData/cocos/editors/Creator/3.8.6/resources/resources/3d/engine/editor/assets/default_renderpipeline/builtin-pipeline-types.ts.
13:54:30.877 debug: Resolve cc from file:///C:/ProgramData/cocos/editors/Creator/3.8.6/resources/resources/3d/engine/editor/assets/tools/debug-view-runtime-control.ts as cce:/internal/x/cc.
13:54:30.877 debug: Resolve cc from file:///C:/ProgramData/cocos/editors/Creator/3.8.6/resources/resources/3d/engine/editor/assets/tools/debug-view-runtime-control.ts as cce:/internal/x/cc.
13:54:30.877 debug: Resolve cc from file:///C:/ProgramData/cocos/editors/Creator/3.8.6/resources/resources/3d/engine/editor/assets/tools/debug-view-runtime-control.ts as cce:/internal/x/cc.
13:54:30.877 debug: Resolve cc from file:///D:/Dev/Games/gambling-mini-game/assets/scripts/core/GameFlowState.ts as cce:/internal/x/cc.
13:54:30.877 debug: Resolve cce:/internal/code-quality/cr.mjs from file:///D:/Dev/Games/gambling-mini-game/assets/scripts/core/GameManager.ts as cce:/internal/code-quality/cr.mjs.
13:54:30.877 debug: Resolve cc from file:///D:/Dev/Games/gambling-mini-game/assets/scripts/core/GameManager.ts as cce:/internal/x/cc.
13:54:30.877 debug: Resolve cc from file:///D:/Dev/Games/gambling-mini-game/assets/scripts/core/GameManager.ts as cce:/internal/x/cc.
13:54:30.877 debug: Resolve cc from file:///D:/Dev/Games/gambling-mini-game/assets/scripts/core/GameManager.ts as cce:/internal/x/cc.
13:54:30.878 debug: Resolve ../game/WheelController from file:///D:/Dev/Games/gambling-mini-game/assets/scripts/core/GameManager.ts as file:///D:/Dev/Games/gambling-mini-game/assets/scripts/game/WheelController.ts.
13:54:30.878 debug: Resolve ../ui/UIController from file:///D:/Dev/Games/gambling-mini-game/assets/scripts/core/GameManager.ts as file:///D:/Dev/Games/gambling-mini-game/assets/scripts/ui/UIController.ts.
13:54:30.879 debug: Resolve ../services/GameService from file:///D:/Dev/Games/gambling-mini-game/assets/scripts/core/GameManager.ts as file:///D:/Dev/Games/gambling-mini-game/assets/scripts/services/GameService.ts.
13:54:30.879 debug: Resolve ../services/RandomService from file:///D:/Dev/Games/gambling-mini-game/assets/scripts/core/GameManager.ts as file:///D:/Dev/Games/gambling-mini-game/assets/scripts/services/RandomService.ts.
13:54:30.880 debug: Resolve ./GameFlowState from file:///D:/Dev/Games/gambling-mini-game/assets/scripts/core/GameManager.ts as file:///D:/Dev/Games/gambling-mini-game/assets/scripts/core/GameFlowState.ts.
13:54:30.881 debug: Resolve ../data/GameConfig from file:///D:/Dev/Games/gambling-mini-game/assets/scripts/core/GameManager.ts as file:///D:/Dev/Games/gambling-mini-game/assets/scripts/data/GameConfig.ts.
13:54:30.881 debug: Resolve cce:/internal/code-quality/cr.mjs from file:///D:/Dev/Games/gambling-mini-game/assets/scripts/game/WheelController.ts as cce:/internal/code-quality/cr.mjs.
13:54:30.881 debug: Resolve cc from file:///D:/Dev/Games/gambling-mini-game/assets/scripts/game/WheelController.ts as cce:/internal/x/cc.
13:54:30.881 debug: Resolve cc from file:///D:/Dev/Games/gambling-mini-game/assets/scripts/game/WheelController.ts as cce:/internal/x/cc.
13:54:30.881 debug: Resolve cc from file:///D:/Dev/Games/gambling-mini-game/assets/scripts/game/WheelController.ts as cce:/internal/x/cc.
13:54:30.881 debug: Resolve ../data/GameConfig from file:///D:/Dev/Games/gambling-mini-game/assets/scripts/game/WheelController.ts as file:///D:/Dev/Games/gambling-mini-game/assets/scripts/data/GameConfig.ts.
13:54:30.881 debug: Resolve cc from file:///D:/Dev/Games/gambling-mini-game/assets/scripts/data/GameConfig.ts as cce:/internal/x/cc.
13:54:30.881 debug: Resolve cce:/internal/code-quality/cr.mjs from file:///D:/Dev/Games/gambling-mini-game/assets/scripts/ui/UIController.ts as cce:/internal/code-quality/cr.mjs.
13:54:30.882 debug: Resolve cc from file:///D:/Dev/Games/gambling-mini-game/assets/scripts/ui/UIController.ts as cce:/internal/x/cc.
13:54:30.882 debug: Resolve cc from file:///D:/Dev/Games/gambling-mini-game/assets/scripts/ui/UIController.ts as cce:/internal/x/cc.
13:54:30.882 debug: Resolve cc from file:///D:/Dev/Games/gambling-mini-game/assets/scripts/ui/UIController.ts as cce:/internal/x/cc.
13:54:30.882 debug: Resolve ../data/GameConfig from file:///D:/Dev/Games/gambling-mini-game/assets/scripts/ui/UIController.ts as file:///D:/Dev/Games/gambling-mini-game/assets/scripts/data/GameConfig.ts.
13:54:30.882 debug: Resolve cce:/internal/code-quality/cr.mjs from file:///D:/Dev/Games/gambling-mini-game/assets/scripts/services/GameService.ts as cce:/internal/code-quality/cr.mjs.
13:54:30.882 debug: Resolve cc from file:///D:/Dev/Games/gambling-mini-game/assets/scripts/services/GameService.ts as cce:/internal/x/cc.
13:54:30.883 debug: Resolve ../strategies/WinStrategy from file:///D:/Dev/Games/gambling-mini-game/assets/scripts/services/GameService.ts as file:///D:/Dev/Games/gambling-mini-game/assets/scripts/strategies/WinStrategy.ts.
13:54:30.883 debug: Resolve ../strategies/LoseStrategy from file:///D:/Dev/Games/gambling-mini-game/assets/scripts/services/GameService.ts as file:///D:/Dev/Games/gambling-mini-game/assets/scripts/strategies/LoseStrategy.ts.
13:54:30.884 debug: Resolve ../data/GameConfig from file:///D:/Dev/Games/gambling-mini-game/assets/scripts/services/GameService.ts as file:///D:/Dev/Games/gambling-mini-game/assets/scripts/data/GameConfig.ts.
13:54:30.884 debug: Resolve cce:/internal/code-quality/cr.mjs from file:///D:/Dev/Games/gambling-mini-game/assets/scripts/strategies/WinStrategy.ts as cce:/internal/code-quality/cr.mjs.
13:54:30.884 debug: Resolve cc from file:///D:/Dev/Games/gambling-mini-game/assets/scripts/strategies/WinStrategy.ts as cce:/internal/x/cc.
13:54:30.884 debug: Resolve cce:/internal/code-quality/cr.mjs from file:///D:/Dev/Games/gambling-mini-game/assets/scripts/strategies/LoseStrategy.ts as cce:/internal/code-quality/cr.mjs.
13:54:30.884 debug: Resolve cc from file:///D:/Dev/Games/gambling-mini-game/assets/scripts/strategies/LoseStrategy.ts as cce:/internal/x/cc.
13:54:30.884 debug: Resolve cc from file:///D:/Dev/Games/gambling-mini-game/assets/scripts/services/RandomService.ts as cce:/internal/x/cc.
13:54:30.884 debug: Resolve cc from file:///D:/Dev/Games/gambling-mini-game/assets/scripts/data/Types.ts as cce:/internal/x/cc.
13:54:30.884 debug: Resolve cc from file:///D:/Dev/Games/gambling-mini-game/assets/scripts/game/AudioController.ts as cce:/internal/x/cc.
13:54:30.884 debug: Resolve cc from file:///D:/Dev/Games/gambling-mini-game/assets/scripts/game/AudioController.ts as cce:/internal/x/cc.
13:54:30.885 debug: Resolve cc from file:///D:/Dev/Games/gambling-mini-game/assets/scripts/game/AudioController.ts as cce:/internal/x/cc.
13:54:30.885 debug: Resolve cc from file:///D:/Dev/Games/gambling-mini-game/assets/scripts/game/FullscreenController.ts as cce:/internal/x/cc.
13:54:30.885 debug: Resolve cc from file:///D:/Dev/Games/gambling-mini-game/assets/scripts/game/FullscreenController.ts as cce:/internal/x/cc.
13:54:30.885 debug: Resolve cc from file:///D:/Dev/Games/gambling-mini-game/assets/scripts/game/FullscreenController.ts as cce:/internal/x/cc.
13:54:30.885 debug: Resolve cce:/internal/code-quality/cr.mjs from file:///D:/Dev/Games/gambling-mini-game/assets/scripts/strategies/ResultStrategy.ts as cce:/internal/code-quality/cr.mjs.
13:54:30.885 debug: Resolve cc from file:///D:/Dev/Games/gambling-mini-game/assets/scripts/strategies/ResultStrategy.ts as cce:/internal/x/cc.
13:54:30.885 debug: Resolve cc from file:///D:/Dev/Games/gambling-mini-game/assets/scripts/utils/MathUtils.ts as cce:/internal/x/cc.
13:54:30.885 debug: Resolve cc from file:///D:/Dev/Games/gambling-mini-game/assets/scripts/utils/MathUtils.ts as cce:/internal/x/cc.
13:54:30.885 debug: Resolve cc from file:///D:/Dev/Games/gambling-mini-game/assets/scripts/utils/MathUtils.ts as cce:/internal/x/cc.
13:54:30.885 debug: Resolve cc from file:///D:/Dev/Games/gambling-mini-game/assets/scripts/utils/TweenUtils.ts as cce:/internal/x/cc.
13:54:30.885 debug: Resolve cc from file:///D:/Dev/Games/gambling-mini-game/assets/scripts/utils/TweenUtils.ts as cce:/internal/x/cc.
13:54:30.885 debug: Resolve cc from file:///D:/Dev/Games/gambling-mini-game/assets/scripts/utils/TweenUtils.ts as cce:/internal/x/cc.
13:54:30.915 debug: Target(preview) ends with cost 169.97989999999845ms.
13:54:33.356 debug: Pulling asset-db.
13:54:34.221 debug: Fetch asset-db cost: 864.8663000000015ms.
13:54:34.222 debug: Build iteration starts.
Number of accumulated asset changes: 21
Feature changed: false
13:54:34.222 debug: Target(editor) build started.
13:54:34.225 debug: Detected change: cce:/internal/x/prerequisite-imports. Last mtime: Thu Jan 01 1970 03:00:17 GMT+0300 (Москва, стандартное время), Current mtime: Thu Jan 01 1970 03:00:20 GMT+0300 (Москва, стандартное время)
13:54:34.225 debug: Inspect cce:/internal/x/prerequisite-imports
13:54:34.244 debug: transform url: 'cce:/internal/x/prerequisite-imports' costs: 19.10 ms
13:54:34.246 debug: Resolve file:///C:/ProgramData/cocos/editors/Creator/3.8.6/resources/resources/3d/engine/editor/assets/default_renderpipeline/builtin-dof-pass.ts from cce:/internal/x/prerequisite-imports as file:///C:/ProgramData/cocos/editors/Creator/3.8.6/resources/resources/3d/engine/editor/assets/default_renderpipeline/builtin-dof-pass.ts.
13:54:34.247 debug: Resolve file:///C:/ProgramData/cocos/editors/Creator/3.8.6/resources/resources/3d/engine/editor/assets/default_renderpipeline/builtin-pipeline-pass.ts from cce:/internal/x/prerequisite-imports as file:///C:/ProgramData/cocos/editors/Creator/3.8.6/resources/resources/3d/engine/editor/assets/default_renderpipeline/builtin-pipeline-pass.ts.
13:54:34.248 debug: Resolve file:///C:/ProgramData/cocos/editors/Creator/3.8.6/resources/resources/3d/engine/editor/assets/default_renderpipeline/builtin-pipeline-settings.ts from cce:/internal/x/prerequisite-imports as file:///C:/ProgramData/cocos/editors/Creator/3.8.6/resources/resources/3d/engine/editor/assets/default_renderpipeline/builtin-pipeline-settings.ts.
13:54:34.249 debug: Resolve file:///C:/ProgramData/cocos/editors/Creator/3.8.6/resources/resources/3d/engine/editor/assets/default_renderpipeline/builtin-pipeline-types.ts from cce:/internal/x/prerequisite-imports as file:///C:/ProgramData/cocos/editors/Creator/3.8.6/resources/resources/3d/engine/editor/assets/default_renderpipeline/builtin-pipeline-types.ts.
13:54:34.251 debug: Resolve file:///C:/ProgramData/cocos/editors/Creator/3.8.6/resources/resources/3d/engine/editor/assets/default_renderpipeline/builtin-pipeline.ts from cce:/internal/x/prerequisite-imports as file:///C:/ProgramData/cocos/editors/Creator/3.8.6/resources/resources/3d/engine/editor/assets/default_renderpipeline/builtin-pipeline.ts.
13:54:34.252 debug: Resolve file:///C:/ProgramData/cocos/editors/Creator/3.8.6/resources/resources/3d/engine/editor/assets/tools/debug-view-runtime-control.ts from cce:/internal/x/prerequisite-imports as file:///C:/ProgramData/cocos/editors/Creator/3.8.6/resources/resources/3d/engine/editor/assets/tools/debug-view-runtime-control.ts.
13:54:34.252 debug: Resolve file:///D:/Dev/Games/gambling-mini-game/assets/scripts/core/GameFlowState.ts from cce:/internal/x/prerequisite-imports as file:///D:/Dev/Games/gambling-mini-game/assets/scripts/core/GameFlowState.ts.
13:54:34.253 debug: Resolve file:///D:/Dev/Games/gambling-mini-game/assets/scripts/core/GameManager.ts from cce:/internal/x/prerequisite-imports as file:///D:/Dev/Games/gambling-mini-game/assets/scripts/core/GameManager.ts.
13:54:34.253 debug: Resolve file:///D:/Dev/Games/gambling-mini-game/assets/scripts/data/GameConfig.ts from cce:/internal/x/prerequisite-imports as file:///D:/Dev/Games/gambling-mini-game/assets/scripts/data/GameConfig.ts.
13:54:34.254 debug: Resolve file:///D:/Dev/Games/gambling-mini-game/assets/scripts/data/Types.ts from cce:/internal/x/prerequisite-imports as file:///D:/Dev/Games/gambling-mini-game/assets/scripts/data/Types.ts.
13:54:34.254 debug: Resolve file:///D:/Dev/Games/gambling-mini-game/assets/scripts/game/AudioController.ts from cce:/internal/x/prerequisite-imports as file:///D:/Dev/Games/gambling-mini-game/assets/scripts/game/AudioController.ts.
13:54:34.255 debug: Resolve file:///D:/Dev/Games/gambling-mini-game/assets/scripts/game/FullscreenController.ts from cce:/internal/x/prerequisite-imports as file:///D:/Dev/Games/gambling-mini-game/assets/scripts/game/FullscreenController.ts.
13:54:34.255 debug: Resolve file:///D:/Dev/Games/gambling-mini-game/assets/scripts/game/WheelController.ts from cce:/internal/x/prerequisite-imports as file:///D:/Dev/Games/gambling-mini-game/assets/scripts/game/WheelController.ts.
13:54:34.256 debug: Resolve file:///D:/Dev/Games/gambling-mini-game/assets/scripts/services/GameService.ts from cce:/internal/x/prerequisite-imports as file:///D:/Dev/Games/gambling-mini-game/assets/scripts/services/GameService.ts.
13:54:34.256 debug: Resolve file:///D:/Dev/Games/gambling-mini-game/assets/scripts/services/RandomService.ts from cce:/internal/x/prerequisite-imports as file:///D:/Dev/Games/gambling-mini-game/assets/scripts/services/RandomService.ts.
13:54:34.257 debug: Resolve file:///D:/Dev/Games/gambling-mini-game/assets/scripts/strategies/LoseStrategy.ts from cce:/internal/x/prerequisite-imports as file:///D:/Dev/Games/gambling-mini-game/assets/scripts/strategies/LoseStrategy.ts.
13:54:34.257 debug: Resolve file:///D:/Dev/Games/gambling-mini-game/assets/scripts/strategies/ResultStrategy.ts from cce:/internal/x/prerequisite-imports as file:///D:/Dev/Games/gambling-mini-game/assets/scripts/strategies/ResultStrategy.ts.
13:54:34.258 debug: Resolve file:///D:/Dev/Games/gambling-mini-game/assets/scripts/strategies/WinStrategy.ts from cce:/internal/x/prerequisite-imports as file:///D:/Dev/Games/gambling-mini-game/assets/scripts/strategies/WinStrategy.ts.
13:54:34.258 debug: Resolve file:///D:/Dev/Games/gambling-mini-game/assets/scripts/ui/UIController.ts from cce:/internal/x/prerequisite-imports as file:///D:/Dev/Games/gambling-mini-game/assets/scripts/ui/UIController.ts.
13:54:34.259 debug: Resolve file:///D:/Dev/Games/gambling-mini-game/assets/scripts/utils/MathUtils.ts from cce:/internal/x/prerequisite-imports as file:///D:/Dev/Games/gambling-mini-game/assets/scripts/utils/MathUtils.ts.
13:54:34.259 debug: Resolve file:///D:/Dev/Games/gambling-mini-game/assets/scripts/utils/TweenUtils.ts from cce:/internal/x/prerequisite-imports as file:///D:/Dev/Games/gambling-mini-game/assets/scripts/utils/TweenUtils.ts.
13:54:34.275 debug: Target(editor) ends with cost 52.90540000000328ms.
13:54:34.276 debug: Target(preview) build started.
13:54:34.278 debug: Detected change: cce:/internal/x/prerequisite-imports. Last mtime: Thu Jan 01 1970 03:00:17 GMT+0300 (Москва, стандартное время), Current mtime: Thu Jan 01 1970 03:00:20 GMT+0300 (Москва, стандартное время)
13:54:34.278 debug: Inspect cce:/internal/x/prerequisite-imports
13:54:34.300 debug: transform url: 'cce:/internal/x/prerequisite-imports' costs: 21.10 ms
13:54:34.301 debug: Resolve file:///C:/ProgramData/cocos/editors/Creator/3.8.6/resources/resources/3d/engine/editor/assets/default_renderpipeline/builtin-dof-pass.ts from cce:/internal/x/prerequisite-imports as file:///C:/ProgramData/cocos/editors/Creator/3.8.6/resources/resources/3d/engine/editor/assets/default_renderpipeline/builtin-dof-pass.ts.
13:54:34.302 debug: Resolve file:///C:/ProgramData/cocos/editors/Creator/3.8.6/resources/resources/3d/engine/editor/assets/default_renderpipeline/builtin-pipeline-pass.ts from cce:/internal/x/prerequisite-imports as file:///C:/ProgramData/cocos/editors/Creator/3.8.6/resources/resources/3d/engine/editor/assets/default_renderpipeline/builtin-pipeline-pass.ts.
13:54:34.303 debug: Resolve file:///C:/ProgramData/cocos/editors/Creator/3.8.6/resources/resources/3d/engine/editor/assets/default_renderpipeline/builtin-pipeline-settings.ts from cce:/internal/x/prerequisite-imports as file:///C:/ProgramData/cocos/editors/Creator/3.8.6/resources/resources/3d/engine/editor/assets/default_renderpipeline/builtin-pipeline-settings.ts.
13:54:34.304 debug: Resolve file:///C:/ProgramData/cocos/editors/Creator/3.8.6/resources/resources/3d/engine/editor/assets/default_renderpipeline/builtin-pipeline-types.ts from cce:/internal/x/prerequisite-imports as file:///C:/ProgramData/cocos/editors/Creator/3.8.6/resources/resources/3d/engine/editor/assets/default_renderpipeline/builtin-pipeline-types.ts.
13:54:34.305 debug: Resolve file:///C:/ProgramData/cocos/editors/Creator/3.8.6/resources/resources/3d/engine/editor/assets/default_renderpipeline/builtin-pipeline.ts from cce:/internal/x/prerequisite-imports as file:///C:/ProgramData/cocos/editors/Creator/3.8.6/resources/resources/3d/engine/editor/assets/default_renderpipeline/builtin-pipeline.ts.
13:54:34.306 debug: Resolve file:///C:/ProgramData/cocos/editors/Creator/3.8.6/resources/resources/3d/engine/editor/assets/tools/debug-view-runtime-control.ts from cce:/internal/x/prerequisite-imports as file:///C:/ProgramData/cocos/editors/Creator/3.8.6/resources/resources/3d/engine/editor/assets/tools/debug-view-runtime-control.ts.
13:54:34.307 debug: Resolve file:///D:/Dev/Games/gambling-mini-game/assets/scripts/core/GameFlowState.ts from cce:/internal/x/prerequisite-imports as file:///D:/Dev/Games/gambling-mini-game/assets/scripts/core/GameFlowState.ts.
13:54:34.307 debug: Resolve file:///D:/Dev/Games/gambling-mini-game/assets/scripts/core/GameManager.ts from cce:/internal/x/prerequisite-imports as file:///D:/Dev/Games/gambling-mini-game/assets/scripts/core/GameManager.ts.
13:54:34.308 debug: Resolve file:///D:/Dev/Games/gambling-mini-game/assets/scripts/data/GameConfig.ts from cce:/internal/x/prerequisite-imports as file:///D:/Dev/Games/gambling-mini-game/assets/scripts/data/GameConfig.ts.
13:54:34.308 debug: Resolve file:///D:/Dev/Games/gambling-mini-game/assets/scripts/data/Types.ts from cce:/internal/x/prerequisite-imports as file:///D:/Dev/Games/gambling-mini-game/assets/scripts/data/Types.ts.
13:54:34.309 debug: Resolve file:///D:/Dev/Games/gambling-mini-game/assets/scripts/game/AudioController.ts from cce:/internal/x/prerequisite-imports as file:///D:/Dev/Games/gambling-mini-game/assets/scripts/game/AudioController.ts.
13:54:34.309 debug: Resolve file:///D:/Dev/Games/gambling-mini-game/assets/scripts/game/FullscreenController.ts from cce:/internal/x/prerequisite-imports as file:///D:/Dev/Games/gambling-mini-game/assets/scripts/game/FullscreenController.ts.
13:54:34.310 debug: Resolve file:///D:/Dev/Games/gambling-mini-game/assets/scripts/game/WheelController.ts from cce:/internal/x/prerequisite-imports as file:///D:/Dev/Games/gambling-mini-game/assets/scripts/game/WheelController.ts.
13:54:34.310 debug: Resolve file:///D:/Dev/Games/gambling-mini-game/assets/scripts/services/GameService.ts from cce:/internal/x/prerequisite-imports as file:///D:/Dev/Games/gambling-mini-game/assets/scripts/services/GameService.ts.
13:54:34.311 debug: Resolve file:///D:/Dev/Games/gambling-mini-game/assets/scripts/services/RandomService.ts from cce:/internal/x/prerequisite-imports as file:///D:/Dev/Games/gambling-mini-game/assets/scripts/services/RandomService.ts.
13:54:34.312 debug: Resolve file:///D:/Dev/Games/gambling-mini-game/assets/scripts/strategies/LoseStrategy.ts from cce:/internal/x/prerequisite-imports as file:///D:/Dev/Games/gambling-mini-game/assets/scripts/strategies/LoseStrategy.ts.
13:54:34.313 debug: Resolve file:///D:/Dev/Games/gambling-mini-game/assets/scripts/strategies/ResultStrategy.ts from cce:/internal/x/prerequisite-imports as file:///D:/Dev/Games/gambling-mini-game/assets/scripts/strategies/ResultStrategy.ts.
13:54:34.314 debug: Resolve file:///D:/Dev/Games/gambling-mini-game/assets/scripts/strategies/WinStrategy.ts from cce:/internal/x/prerequisite-imports as file:///D:/Dev/Games/gambling-mini-game/assets/scripts/strategies/WinStrategy.ts.
13:54:34.314 debug: Resolve file:///D:/Dev/Games/gambling-mini-game/assets/scripts/ui/UIController.ts from cce:/internal/x/prerequisite-imports as file:///D:/Dev/Games/gambling-mini-game/assets/scripts/ui/UIController.ts.
13:54:34.315 debug: Resolve file:///D:/Dev/Games/gambling-mini-game/assets/scripts/utils/MathUtils.ts from cce:/internal/x/prerequisite-imports as file:///D:/Dev/Games/gambling-mini-game/assets/scripts/utils/MathUtils.ts.
13:54:34.315 debug: Resolve file:///D:/Dev/Games/gambling-mini-game/assets/scripts/utils/TweenUtils.ts from cce:/internal/x/prerequisite-imports as file:///D:/Dev/Games/gambling-mini-game/assets/scripts/utils/TweenUtils.ts.
13:54:34.330 debug: Target(preview) ends with cost 54.52769999999873ms.
14:07:02.223 debug: Dispatch build request for time accumulated 1 asset changes.
14:07:02.224 debug: Build iteration starts.
Number of accumulated asset changes: 1
Feature changed: false
14:07:02.225 debug: Target(editor) build started.
14:07:02.227 debug: Detected change: cce:/internal/x/prerequisite-imports. Last mtime: Thu Jan 01 1970 03:00:20 GMT+0300 (Москва, стандартное время), Current mtime: Thu Jan 01 1970 03:12:48 GMT+0300 (Москва, стандартное время)
14:07:02.228 debug: Inspect cce:/internal/x/prerequisite-imports
14:07:02.257 debug: transform url: 'cce:/internal/x/prerequisite-imports' costs: 29.10 ms
14:07:02.259 debug: Resolve file:///C:/ProgramData/cocos/editors/Creator/3.8.6/resources/resources/3d/engine/editor/assets/default_renderpipeline/builtin-dof-pass.ts from cce:/internal/x/prerequisite-imports as file:///C:/ProgramData/cocos/editors/Creator/3.8.6/resources/resources/3d/engine/editor/assets/default_renderpipeline/builtin-dof-pass.ts.
14:07:02.260 debug: Resolve file:///C:/ProgramData/cocos/editors/Creator/3.8.6/resources/resources/3d/engine/editor/assets/default_renderpipeline/builtin-pipeline-pass.ts from cce:/internal/x/prerequisite-imports as file:///C:/ProgramData/cocos/editors/Creator/3.8.6/resources/resources/3d/engine/editor/assets/default_renderpipeline/builtin-pipeline-pass.ts.
14:07:02.261 debug: Resolve file:///C:/ProgramData/cocos/editors/Creator/3.8.6/resources/resources/3d/engine/editor/assets/default_renderpipeline/builtin-pipeline-settings.ts from cce:/internal/x/prerequisite-imports as file:///C:/ProgramData/cocos/editors/Creator/3.8.6/resources/resources/3d/engine/editor/assets/default_renderpipeline/builtin-pipeline-settings.ts.
14:07:02.262 debug: Resolve file:///C:/ProgramData/cocos/editors/Creator/3.8.6/resources/resources/3d/engine/editor/assets/default_renderpipeline/builtin-pipeline-types.ts from cce:/internal/x/prerequisite-imports as file:///C:/ProgramData/cocos/editors/Creator/3.8.6/resources/resources/3d/engine/editor/assets/default_renderpipeline/builtin-pipeline-types.ts.
14:07:02.263 debug: Resolve file:///C:/ProgramData/cocos/editors/Creator/3.8.6/resources/resources/3d/engine/editor/assets/default_renderpipeline/builtin-pipeline.ts from cce:/internal/x/prerequisite-imports as file:///C:/ProgramData/cocos/editors/Creator/3.8.6/resources/resources/3d/engine/editor/assets/default_renderpipeline/builtin-pipeline.ts.
14:07:02.264 debug: Resolve file:///C:/ProgramData/cocos/editors/Creator/3.8.6/resources/resources/3d/engine/editor/assets/tools/debug-view-runtime-control.ts from cce:/internal/x/prerequisite-imports as file:///C:/ProgramData/cocos/editors/Creator/3.8.6/resources/resources/3d/engine/editor/assets/tools/debug-view-runtime-control.ts.
14:07:02.264 debug: Resolve file:///D:/Dev/Games/gambling-mini-game/assets/scripts/core/EventBus.ts from cce:/internal/x/prerequisite-imports as file:///D:/Dev/Games/gambling-mini-game/assets/scripts/core/EventBus.ts.
14:07:02.265 debug: Inspect file:///D:/Dev/Games/gambling-mini-game/assets/scripts/core/EventBus.ts
14:07:02.299 debug: transform url: 'file:///D:/Dev/Games/gambling-mini-game/assets/scripts/core/EventBus.ts' costs: 34.30 ms
14:07:02.307 debug: Resolve file:///D:/Dev/Games/gambling-mini-game/assets/scripts/core/GameFlowState.ts from cce:/internal/x/prerequisite-imports as file:///D:/Dev/Games/gambling-mini-game/assets/scripts/core/GameFlowState.ts.
14:07:02.308 debug: Resolve file:///D:/Dev/Games/gambling-mini-game/assets/scripts/core/GameManager.ts from cce:/internal/x/prerequisite-imports as file:///D:/Dev/Games/gambling-mini-game/assets/scripts/core/GameManager.ts.
14:07:02.308 debug: Resolve file:///D:/Dev/Games/gambling-mini-game/assets/scripts/data/GameConfig.ts from cce:/internal/x/prerequisite-imports as file:///D:/Dev/Games/gambling-mini-game/assets/scripts/data/GameConfig.ts.
14:07:02.309 debug: Resolve file:///D:/Dev/Games/gambling-mini-game/assets/scripts/data/Types.ts from cce:/internal/x/prerequisite-imports as file:///D:/Dev/Games/gambling-mini-game/assets/scripts/data/Types.ts.
14:07:02.309 debug: Resolve file:///D:/Dev/Games/gambling-mini-game/assets/scripts/game/AudioController.ts from cce:/internal/x/prerequisite-imports as file:///D:/Dev/Games/gambling-mini-game/assets/scripts/game/AudioController.ts.
14:07:02.310 debug: Resolve file:///D:/Dev/Games/gambling-mini-game/assets/scripts/game/FullscreenController.ts from cce:/internal/x/prerequisite-imports as file:///D:/Dev/Games/gambling-mini-game/assets/scripts/game/FullscreenController.ts.
14:07:02.311 debug: Resolve file:///D:/Dev/Games/gambling-mini-game/assets/scripts/game/WheelController.ts from cce:/internal/x/prerequisite-imports as file:///D:/Dev/Games/gambling-mini-game/assets/scripts/game/WheelController.ts.
14:07:02.312 debug: Resolve file:///D:/Dev/Games/gambling-mini-game/assets/scripts/services/GameService.ts from cce:/internal/x/prerequisite-imports as file:///D:/Dev/Games/gambling-mini-game/assets/scripts/services/GameService.ts.
14:07:02.312 debug: Resolve file:///D:/Dev/Games/gambling-mini-game/assets/scripts/services/RandomService.ts from cce:/internal/x/prerequisite-imports as file:///D:/Dev/Games/gambling-mini-game/assets/scripts/services/RandomService.ts.
14:07:02.313 debug: Resolve file:///D:/Dev/Games/gambling-mini-game/assets/scripts/strategies/LoseStrategy.ts from cce:/internal/x/prerequisite-imports as file:///D:/Dev/Games/gambling-mini-game/assets/scripts/strategies/LoseStrategy.ts.
14:07:02.313 debug: Resolve file:///D:/Dev/Games/gambling-mini-game/assets/scripts/strategies/ResultStrategy.ts from cce:/internal/x/prerequisite-imports as file:///D:/Dev/Games/gambling-mini-game/assets/scripts/strategies/ResultStrategy.ts.
14:07:02.314 debug: Resolve file:///D:/Dev/Games/gambling-mini-game/assets/scripts/strategies/WinStrategy.ts from cce:/internal/x/prerequisite-imports as file:///D:/Dev/Games/gambling-mini-game/assets/scripts/strategies/WinStrategy.ts.
14:07:02.314 debug: Resolve file:///D:/Dev/Games/gambling-mini-game/assets/scripts/ui/UIController.ts from cce:/internal/x/prerequisite-imports as file:///D:/Dev/Games/gambling-mini-game/assets/scripts/ui/UIController.ts.
14:07:02.315 debug: Resolve file:///D:/Dev/Games/gambling-mini-game/assets/scripts/utils/MathUtils.ts from cce:/internal/x/prerequisite-imports as file:///D:/Dev/Games/gambling-mini-game/assets/scripts/utils/MathUtils.ts.
14:07:02.315 debug: Resolve file:///D:/Dev/Games/gambling-mini-game/assets/scripts/utils/TweenUtils.ts from cce:/internal/x/prerequisite-imports as file:///D:/Dev/Games/gambling-mini-game/assets/scripts/utils/TweenUtils.ts.
14:07:02.316 debug: Resolve cc from file:///D:/Dev/Games/gambling-mini-game/assets/scripts/core/EventBus.ts as cce:/internal/x/cc.
14:07:02.316 debug: Resolve cc from file:///D:/Dev/Games/gambling-mini-game/assets/scripts/core/EventBus.ts as cce:/internal/x/cc.
14:07:02.316 debug: Resolve cc from file:///D:/Dev/Games/gambling-mini-game/assets/scripts/core/EventBus.ts as cce:/internal/x/cc.
14:07:02.334 debug: Target(editor) ends with cost 109.1929999999702ms.
14:07:02.335 debug: Target(preview) build started.
14:07:02.337 debug: Detected change: cce:/internal/x/prerequisite-imports. Last mtime: Thu Jan 01 1970 03:00:20 GMT+0300 (Москва, стандартное время), Current mtime: Thu Jan 01 1970 03:12:48 GMT+0300 (Москва, стандартное время)
14:07:02.337 debug: Inspect cce:/internal/x/prerequisite-imports
14:07:02.357 debug: transform url: 'cce:/internal/x/prerequisite-imports' costs: 20.10 ms
14:07:02.359 debug: Resolve file:///C:/ProgramData/cocos/editors/Creator/3.8.6/resources/resources/3d/engine/editor/assets/default_renderpipeline/builtin-dof-pass.ts from cce:/internal/x/prerequisite-imports as file:///C:/ProgramData/cocos/editors/Creator/3.8.6/resources/resources/3d/engine/editor/assets/default_renderpipeline/builtin-dof-pass.ts.
14:07:02.360 debug: Resolve file:///C:/ProgramData/cocos/editors/Creator/3.8.6/resources/resources/3d/engine/editor/assets/default_renderpipeline/builtin-pipeline-pass.ts from cce:/internal/x/prerequisite-imports as file:///C:/ProgramData/cocos/editors/Creator/3.8.6/resources/resources/3d/engine/editor/assets/default_renderpipeline/builtin-pipeline-pass.ts.
14:07:02.361 debug: Resolve file:///C:/ProgramData/cocos/editors/Creator/3.8.6/resources/resources/3d/engine/editor/assets/default_renderpipeline/builtin-pipeline-settings.ts from cce:/internal/x/prerequisite-imports as file:///C:/ProgramData/cocos/editors/Creator/3.8.6/resources/resources/3d/engine/editor/assets/default_renderpipeline/builtin-pipeline-settings.ts.
14:07:02.363 debug: Resolve file:///C:/ProgramData/cocos/editors/Creator/3.8.6/resources/resources/3d/engine/editor/assets/default_renderpipeline/builtin-pipeline-types.ts from cce:/internal/x/prerequisite-imports as file:///C:/ProgramData/cocos/editors/Creator/3.8.6/resources/resources/3d/engine/editor/assets/default_renderpipeline/builtin-pipeline-types.ts.
14:07:02.364 debug: Resolve file:///C:/ProgramData/cocos/editors/Creator/3.8.6/resources/resources/3d/engine/editor/assets/default_renderpipeline/builtin-pipeline.ts from cce:/internal/x/prerequisite-imports as file:///C:/ProgramData/cocos/editors/Creator/3.8.6/resources/resources/3d/engine/editor/assets/default_renderpipeline/builtin-pipeline.ts.
14:07:02.366 debug: Resolve file:///C:/ProgramData/cocos/editors/Creator/3.8.6/resources/resources/3d/engine/editor/assets/tools/debug-view-runtime-control.ts from cce:/internal/x/prerequisite-imports as file:///C:/ProgramData/cocos/editors/Creator/3.8.6/resources/resources/3d/engine/editor/assets/tools/debug-view-runtime-control.ts.
14:07:02.367 debug: Resolve file:///D:/Dev/Games/gambling-mini-game/assets/scripts/core/EventBus.ts from cce:/internal/x/prerequisite-imports as file:///D:/Dev/Games/gambling-mini-game/assets/scripts/core/EventBus.ts.
14:07:02.367 debug: Inspect file:///D:/Dev/Games/gambling-mini-game/assets/scripts/core/EventBus.ts
14:07:02.399 debug: transform url: 'file:///D:/Dev/Games/gambling-mini-game/assets/scripts/core/EventBus.ts' costs: 32.20 ms
14:07:02.401 debug: Resolve file:///D:/Dev/Games/gambling-mini-game/assets/scripts/core/GameFlowState.ts from cce:/internal/x/prerequisite-imports as file:///D:/Dev/Games/gambling-mini-game/assets/scripts/core/GameFlowState.ts.
14:07:02.401 debug: Resolve file:///D:/Dev/Games/gambling-mini-game/assets/scripts/core/GameManager.ts from cce:/internal/x/prerequisite-imports as file:///D:/Dev/Games/gambling-mini-game/assets/scripts/core/GameManager.ts.
14:07:02.402 debug: Resolve file:///D:/Dev/Games/gambling-mini-game/assets/scripts/data/GameConfig.ts from cce:/internal/x/prerequisite-imports as file:///D:/Dev/Games/gambling-mini-game/assets/scripts/data/GameConfig.ts.
14:07:02.402 debug: Resolve file:///D:/Dev/Games/gambling-mini-game/assets/scripts/data/Types.ts from cce:/internal/x/prerequisite-imports as file:///D:/Dev/Games/gambling-mini-game/assets/scripts/data/Types.ts.
14:07:02.403 debug: Resolve file:///D:/Dev/Games/gambling-mini-game/assets/scripts/game/AudioController.ts from cce:/internal/x/prerequisite-imports as file:///D:/Dev/Games/gambling-mini-game/assets/scripts/game/AudioController.ts.
14:07:02.403 debug: Resolve file:///D:/Dev/Games/gambling-mini-game/assets/scripts/game/FullscreenController.ts from cce:/internal/x/prerequisite-imports as file:///D:/Dev/Games/gambling-mini-game/assets/scripts/game/FullscreenController.ts.
14:07:02.404 debug: Resolve file:///D:/Dev/Games/gambling-mini-game/assets/scripts/game/WheelController.ts from cce:/internal/x/prerequisite-imports as file:///D:/Dev/Games/gambling-mini-game/assets/scripts/game/WheelController.ts.
14:07:02.404 debug: Resolve file:///D:/Dev/Games/gambling-mini-game/assets/scripts/services/GameService.ts from cce:/internal/x/prerequisite-imports as file:///D:/Dev/Games/gambling-mini-game/assets/scripts/services/GameService.ts.
14:07:02.405 debug: Resolve file:///D:/Dev/Games/gambling-mini-game/assets/scripts/services/RandomService.ts from cce:/internal/x/prerequisite-imports as file:///D:/Dev/Games/gambling-mini-game/assets/scripts/services/RandomService.ts.
14:07:02.405 debug: Resolve file:///D:/Dev/Games/gambling-mini-game/assets/scripts/strategies/LoseStrategy.ts from cce:/internal/x/prerequisite-imports as file:///D:/Dev/Games/gambling-mini-game/assets/scripts/strategies/LoseStrategy.ts.
14:07:02.406 debug: Resolve file:///D:/Dev/Games/gambling-mini-game/assets/scripts/strategies/ResultStrategy.ts from cce:/internal/x/prerequisite-imports as file:///D:/Dev/Games/gambling-mini-game/assets/scripts/strategies/ResultStrategy.ts.
14:07:02.406 debug: Resolve file:///D:/Dev/Games/gambling-mini-game/assets/scripts/strategies/WinStrategy.ts from cce:/internal/x/prerequisite-imports as file:///D:/Dev/Games/gambling-mini-game/assets/scripts/strategies/WinStrategy.ts.
14:07:02.407 debug: Resolve file:///D:/Dev/Games/gambling-mini-game/assets/scripts/ui/UIController.ts from cce:/internal/x/prerequisite-imports as file:///D:/Dev/Games/gambling-mini-game/assets/scripts/ui/UIController.ts.
14:07:02.407 debug: Resolve file:///D:/Dev/Games/gambling-mini-game/assets/scripts/utils/MathUtils.ts from cce:/internal/x/prerequisite-imports as file:///D:/Dev/Games/gambling-mini-game/assets/scripts/utils/MathUtils.ts.
14:07:02.408 debug: Resolve file:///D:/Dev/Games/gambling-mini-game/assets/scripts/utils/TweenUtils.ts from cce:/internal/x/prerequisite-imports as file:///D:/Dev/Games/gambling-mini-game/assets/scripts/utils/TweenUtils.ts.
14:07:02.408 debug: Resolve cc from file:///D:/Dev/Games/gambling-mini-game/assets/scripts/core/EventBus.ts as cce:/internal/x/cc.
14:07:02.408 debug: Resolve cc from file:///D:/Dev/Games/gambling-mini-game/assets/scripts/core/EventBus.ts as cce:/internal/x/cc.
14:07:02.408 debug: Resolve cc from file:///D:/Dev/Games/gambling-mini-game/assets/scripts/core/EventBus.ts as cce:/internal/x/cc.
14:07:02.425 debug: Target(preview) ends with cost 90.72629999998026ms.
14:07:32.922 debug: Dispatch build request for time accumulated 1 asset changes.
14:07:32.924 debug: Build iteration starts.
Number of accumulated asset changes: 1
Feature changed: false
14:07:32.924 debug: Target(editor) build started.
14:07:32.927 debug: Detected change: cce:/internal/x/prerequisite-imports. Last mtime: Thu Jan 01 1970 03:12:48 GMT+0300 (Москва, стандартное время), Current mtime: Thu Jan 01 1970 03:13:19 GMT+0300 (Москва, стандартное время)
14:07:32.927 debug: Inspect cce:/internal/x/prerequisite-imports
14:07:32.950 debug: transform url: 'cce:/internal/x/prerequisite-imports' costs: 22.60 ms
14:07:32.951 debug: Resolve file:///C:/ProgramData/cocos/editors/Creator/3.8.6/resources/resources/3d/engine/editor/assets/default_renderpipeline/builtin-dof-pass.ts from cce:/internal/x/prerequisite-imports as file:///C:/ProgramData/cocos/editors/Creator/3.8.6/resources/resources/3d/engine/editor/assets/default_renderpipeline/builtin-dof-pass.ts.
14:07:32.953 debug: Resolve file:///C:/ProgramData/cocos/editors/Creator/3.8.6/resources/resources/3d/engine/editor/assets/default_renderpipeline/builtin-pipeline-pass.ts from cce:/internal/x/prerequisite-imports as file:///C:/ProgramData/cocos/editors/Creator/3.8.6/resources/resources/3d/engine/editor/assets/default_renderpipeline/builtin-pipeline-pass.ts.
14:07:32.953 debug: Resolve file:///C:/ProgramData/cocos/editors/Creator/3.8.6/resources/resources/3d/engine/editor/assets/default_renderpipeline/builtin-pipeline-settings.ts from cce:/internal/x/prerequisite-imports as file:///C:/ProgramData/cocos/editors/Creator/3.8.6/resources/resources/3d/engine/editor/assets/default_renderpipeline/builtin-pipeline-settings.ts.
14:07:32.954 debug: Resolve file:///C:/ProgramData/cocos/editors/Creator/3.8.6/resources/resources/3d/engine/editor/assets/default_renderpipeline/builtin-pipeline-types.ts from cce:/internal/x/prerequisite-imports as file:///C:/ProgramData/cocos/editors/Creator/3.8.6/resources/resources/3d/engine/editor/assets/default_renderpipeline/builtin-pipeline-types.ts.
14:07:32.955 debug: Resolve file:///C:/ProgramData/cocos/editors/Creator/3.8.6/resources/resources/3d/engine/editor/assets/default_renderpipeline/builtin-pipeline.ts from cce:/internal/x/prerequisite-imports as file:///C:/ProgramData/cocos/editors/Creator/3.8.6/resources/resources/3d/engine/editor/assets/default_renderpipeline/builtin-pipeline.ts.
14:07:32.956 debug: Resolve file:///C:/ProgramData/cocos/editors/Creator/3.8.6/resources/resources/3d/engine/editor/assets/tools/debug-view-runtime-control.ts from cce:/internal/x/prerequisite-imports as file:///C:/ProgramData/cocos/editors/Creator/3.8.6/resources/resources/3d/engine/editor/assets/tools/debug-view-runtime-control.ts.
14:07:32.957 debug: Resolve file:///D:/Dev/Games/gambling-mini-game/assets/scripts/core/EventBus.ts from cce:/internal/x/prerequisite-imports as file:///D:/Dev/Games/gambling-mini-game/assets/scripts/core/EventBus.ts.
14:07:32.957 debug: Detected change: file:///D:/Dev/Games/gambling-mini-game/assets/scripts/core/EventBus.ts. Last mtime: Sun Mar 29 2026 14:07:02 GMT+0300 (Москва, стандартное время)@5dbd81cb-1771-4aa2-92f9-0f2f44b6da66, Current mtime: Sun Mar 29 2026 14:07:19 GMT+0300 (Москва, стандартное время)@5dbd81cb-1771-4aa2-92f9-0f2f44b6da66
14:07:32.957 debug: Inspect file:///D:/Dev/Games/gambling-mini-game/assets/scripts/core/EventBus.ts
14:07:32.991 debug: transform url: 'file:///D:/Dev/Games/gambling-mini-game/assets/scripts/core/EventBus.ts' costs: 34.00 ms
14:07:32.992 debug: Resolve file:///D:/Dev/Games/gambling-mini-game/assets/scripts/core/GameFlowState.ts from cce:/internal/x/prerequisite-imports as file:///D:/Dev/Games/gambling-mini-game/assets/scripts/core/GameFlowState.ts.
14:07:32.993 debug: Resolve file:///D:/Dev/Games/gambling-mini-game/assets/scripts/core/GameManager.ts from cce:/internal/x/prerequisite-imports as file:///D:/Dev/Games/gambling-mini-game/assets/scripts/core/GameManager.ts.
14:07:32.994 debug: Resolve file:///D:/Dev/Games/gambling-mini-game/assets/scripts/data/GameConfig.ts from cce:/internal/x/prerequisite-imports as file:///D:/Dev/Games/gambling-mini-game/assets/scripts/data/GameConfig.ts.
14:07:32.994 debug: Resolve file:///D:/Dev/Games/gambling-mini-game/assets/scripts/data/Types.ts from cce:/internal/x/prerequisite-imports as file:///D:/Dev/Games/gambling-mini-game/assets/scripts/data/Types.ts.
14:07:32.995 debug: Resolve file:///D:/Dev/Games/gambling-mini-game/assets/scripts/game/AudioController.ts from cce:/internal/x/prerequisite-imports as file:///D:/Dev/Games/gambling-mini-game/assets/scripts/game/AudioController.ts.
14:07:32.995 debug: Resolve file:///D:/Dev/Games/gambling-mini-game/assets/scripts/game/FullscreenController.ts from cce:/internal/x/prerequisite-imports as file:///D:/Dev/Games/gambling-mini-game/assets/scripts/game/FullscreenController.ts.
14:07:32.996 debug: Resolve file:///D:/Dev/Games/gambling-mini-game/assets/scripts/game/WheelController.ts from cce:/internal/x/prerequisite-imports as file:///D:/Dev/Games/gambling-mini-game/assets/scripts/game/WheelController.ts.
14:07:32.996 debug: Resolve file:///D:/Dev/Games/gambling-mini-game/assets/scripts/services/GameService.ts from cce:/internal/x/prerequisite-imports as file:///D:/Dev/Games/gambling-mini-game/assets/scripts/services/GameService.ts.
14:07:32.997 debug: Resolve file:///D:/Dev/Games/gambling-mini-game/assets/scripts/services/RandomService.ts from cce:/internal/x/prerequisite-imports as file:///D:/Dev/Games/gambling-mini-game/assets/scripts/services/RandomService.ts.
14:07:32.997 debug: Resolve file:///D:/Dev/Games/gambling-mini-game/assets/scripts/strategies/LoseStrategy.ts from cce:/internal/x/prerequisite-imports as file:///D:/Dev/Games/gambling-mini-game/assets/scripts/strategies/LoseStrategy.ts.
14:07:32.998 debug: Resolve file:///D:/Dev/Games/gambling-mini-game/assets/scripts/strategies/ResultStrategy.ts from cce:/internal/x/prerequisite-imports as file:///D:/Dev/Games/gambling-mini-game/assets/scripts/strategies/ResultStrategy.ts.
14:07:32.998 debug: Resolve file:///D:/Dev/Games/gambling-mini-game/assets/scripts/strategies/WinStrategy.ts from cce:/internal/x/prerequisite-imports as file:///D:/Dev/Games/gambling-mini-game/assets/scripts/strategies/WinStrategy.ts.
14:07:32.999 debug: Resolve file:///D:/Dev/Games/gambling-mini-game/assets/scripts/ui/UIController.ts from cce:/internal/x/prerequisite-imports as file:///D:/Dev/Games/gambling-mini-game/assets/scripts/ui/UIController.ts.
14:07:32.999 debug: Resolve file:///D:/Dev/Games/gambling-mini-game/assets/scripts/utils/MathUtils.ts from cce:/internal/x/prerequisite-imports as file:///D:/Dev/Games/gambling-mini-game/assets/scripts/utils/MathUtils.ts.
14:07:33.000 debug: Resolve file:///D:/Dev/Games/gambling-mini-game/assets/scripts/utils/TweenUtils.ts from cce:/internal/x/prerequisite-imports as file:///D:/Dev/Games/gambling-mini-game/assets/scripts/utils/TweenUtils.ts.
14:07:33.000 debug: Resolve cc from file:///D:/Dev/Games/gambling-mini-game/assets/scripts/core/EventBus.ts as cce:/internal/x/cc.
14:07:33.017 debug: Target(editor) ends with cost 92.63620000006631ms.
14:07:33.018 debug: Target(preview) build started.
14:07:33.020 debug: Detected change: cce:/internal/x/prerequisite-imports. Last mtime: Thu Jan 01 1970 03:12:48 GMT+0300 (Москва, стандартное время), Current mtime: Thu Jan 01 1970 03:13:19 GMT+0300 (Москва, стандартное время)
14:07:33.020 debug: Inspect cce:/internal/x/prerequisite-imports
14:07:33.042 debug: transform url: 'cce:/internal/x/prerequisite-imports' costs: 21.10 ms
14:07:33.044 debug: Resolve file:///C:/ProgramData/cocos/editors/Creator/3.8.6/resources/resources/3d/engine/editor/assets/default_renderpipeline/builtin-dof-pass.ts from cce:/internal/x/prerequisite-imports as file:///C:/ProgramData/cocos/editors/Creator/3.8.6/resources/resources/3d/engine/editor/assets/default_renderpipeline/builtin-dof-pass.ts.
14:07:33.045 debug: Resolve file:///C:/ProgramData/cocos/editors/Creator/3.8.6/resources/resources/3d/engine/editor/assets/default_renderpipeline/builtin-pipeline-pass.ts from cce:/internal/x/prerequisite-imports as file:///C:/ProgramData/cocos/editors/Creator/3.8.6/resources/resources/3d/engine/editor/assets/default_renderpipeline/builtin-pipeline-pass.ts.
14:07:33.046 debug: Resolve file:///C:/ProgramData/cocos/editors/Creator/3.8.6/resources/resources/3d/engine/editor/assets/default_renderpipeline/builtin-pipeline-settings.ts from cce:/internal/x/prerequisite-imports as file:///C:/ProgramData/cocos/editors/Creator/3.8.6/resources/resources/3d/engine/editor/assets/default_renderpipeline/builtin-pipeline-settings.ts.
14:07:33.047 debug: Resolve file:///C:/ProgramData/cocos/editors/Creator/3.8.6/resources/resources/3d/engine/editor/assets/default_renderpipeline/builtin-pipeline-types.ts from cce:/internal/x/prerequisite-imports as file:///C:/ProgramData/cocos/editors/Creator/3.8.6/resources/resources/3d/engine/editor/assets/default_renderpipeline/builtin-pipeline-types.ts.
14:07:33.048 debug: Resolve file:///C:/ProgramData/cocos/editors/Creator/3.8.6/resources/resources/3d/engine/editor/assets/default_renderpipeline/builtin-pipeline.ts from cce:/internal/x/prerequisite-imports as file:///C:/ProgramData/cocos/editors/Creator/3.8.6/resources/resources/3d/engine/editor/assets/default_renderpipeline/builtin-pipeline.ts.
14:07:33.049 debug: Resolve file:///C:/ProgramData/cocos/editors/Creator/3.8.6/resources/resources/3d/engine/editor/assets/tools/debug-view-runtime-control.ts from cce:/internal/x/prerequisite-imports as file:///C:/ProgramData/cocos/editors/Creator/3.8.6/resources/resources/3d/engine/editor/assets/tools/debug-view-runtime-control.ts.
14:07:33.049 debug: Resolve file:///D:/Dev/Games/gambling-mini-game/assets/scripts/core/EventBus.ts from cce:/internal/x/prerequisite-imports as file:///D:/Dev/Games/gambling-mini-game/assets/scripts/core/EventBus.ts.
14:07:33.050 debug: Detected change: file:///D:/Dev/Games/gambling-mini-game/assets/scripts/core/EventBus.ts. Last mtime: Sun Mar 29 2026 14:07:02 GMT+0300 (Москва, стандартное время)@5dbd81cb-1771-4aa2-92f9-0f2f44b6da66, Current mtime: Sun Mar 29 2026 14:07:19 GMT+0300 (Москва, стандартное время)@5dbd81cb-1771-4aa2-92f9-0f2f44b6da66
14:07:33.050 debug: Inspect file:///D:/Dev/Games/gambling-mini-game/assets/scripts/core/EventBus.ts
14:07:33.086 debug: transform url: 'file:///D:/Dev/Games/gambling-mini-game/assets/scripts/core/EventBus.ts' costs: 36.30 ms
14:07:33.087 debug: Resolve file:///D:/Dev/Games/gambling-mini-game/assets/scripts/core/GameFlowState.ts from cce:/internal/x/prerequisite-imports as file:///D:/Dev/Games/gambling-mini-game/assets/scripts/core/GameFlowState.ts.
14:07:33.088 debug: Resolve file:///D:/Dev/Games/gambling-mini-game/assets/scripts/core/GameManager.ts from cce:/internal/x/prerequisite-imports as file:///D:/Dev/Games/gambling-mini-game/assets/scripts/core/GameManager.ts.
14:07:33.088 debug: Resolve file:///D:/Dev/Games/gambling-mini-game/assets/scripts/data/GameConfig.ts from cce:/internal/x/prerequisite-imports as file:///D:/Dev/Games/gambling-mini-game/assets/scripts/data/GameConfig.ts.
14:07:33.089 debug: Resolve file:///D:/Dev/Games/gambling-mini-game/assets/scripts/data/Types.ts from cce:/internal/x/prerequisite-imports as file:///D:/Dev/Games/gambling-mini-game/assets/scripts/data/Types.ts.
14:07:33.089 debug: Resolve file:///D:/Dev/Games/gambling-mini-game/assets/scripts/game/AudioController.ts from cce:/internal/x/prerequisite-imports as file:///D:/Dev/Games/gambling-mini-game/assets/scripts/game/AudioController.ts.
14:07:33.090 debug: Resolve file:///D:/Dev/Games/gambling-mini-game/assets/scripts/game/FullscreenController.ts from cce:/internal/x/prerequisite-imports as file:///D:/Dev/Games/gambling-mini-game/assets/scripts/game/FullscreenController.ts.
14:07:33.091 debug: Resolve file:///D:/Dev/Games/gambling-mini-game/assets/scripts/game/WheelController.ts from cce:/internal/x/prerequisite-imports as file:///D:/Dev/Games/gambling-mini-game/assets/scripts/game/WheelController.ts.
14:07:33.092 debug: Resolve file:///D:/Dev/Games/gambling-mini-game/assets/scripts/services/GameService.ts from cce:/internal/x/prerequisite-imports as file:///D:/Dev/Games/gambling-mini-game/assets/scripts/services/GameService.ts.
14:07:33.092 debug: Resolve file:///D:/Dev/Games/gambling-mini-game/assets/scripts/services/RandomService.ts from cce:/internal/x/prerequisite-imports as file:///D:/Dev/Games/gambling-mini-game/assets/scripts/services/RandomService.ts.
14:07:33.093 debug: Resolve file:///D:/Dev/Games/gambling-mini-game/assets/scripts/strategies/LoseStrategy.ts from cce:/internal/x/prerequisite-imports as file:///D:/Dev/Games/gambling-mini-game/assets/scripts/strategies/LoseStrategy.ts.
14:07:33.093 debug: Resolve file:///D:/Dev/Games/gambling-mini-game/assets/scripts/strategies/ResultStrategy.ts from cce:/internal/x/prerequisite-imports as file:///D:/Dev/Games/gambling-mini-game/assets/scripts/strategies/ResultStrategy.ts.
14:07:33.094 debug: Resolve file:///D:/Dev/Games/gambling-mini-game/assets/scripts/strategies/WinStrategy.ts from cce:/internal/x/prerequisite-imports as file:///D:/Dev/Games/gambling-mini-game/assets/scripts/strategies/WinStrategy.ts.
14:07:33.094 debug: Resolve file:///D:/Dev/Games/gambling-mini-game/assets/scripts/ui/UIController.ts from cce:/internal/x/prerequisite-imports as file:///D:/Dev/Games/gambling-mini-game/assets/scripts/ui/UIController.ts.
14:07:33.095 debug: Resolve file:///D:/Dev/Games/gambling-mini-game/assets/scripts/utils/MathUtils.ts from cce:/internal/x/prerequisite-imports as file:///D:/Dev/Games/gambling-mini-game/assets/scripts/utils/MathUtils.ts.
14:07:33.098 debug: Resolve file:///D:/Dev/Games/gambling-mini-game/assets/scripts/utils/TweenUtils.ts from cce:/internal/x/prerequisite-imports as file:///D:/Dev/Games/gambling-mini-game/assets/scripts/utils/TweenUtils.ts.
14:07:33.098 debug: Resolve cc from file:///D:/Dev/Games/gambling-mini-game/assets/scripts/core/EventBus.ts as cce:/internal/x/cc.
14:07:33.115 debug: Target(preview) ends with cost 97.62309999996796ms.
14:07:37.824 debug: Dispatch build request for time accumulated 1 asset changes.
14:07:37.826 debug: Build iteration starts.
Number of accumulated asset changes: 1
Feature changed: false
14:07:37.826 debug: Target(editor) build started.
14:07:37.828 debug: Detected change: cce:/internal/x/prerequisite-imports. Last mtime: Thu Jan 01 1970 03:13:19 GMT+0300 (Москва, стандартное время), Current mtime: Thu Jan 01 1970 03:13:24 GMT+0300 (Москва, стандартное время)
14:07:37.828 debug: Inspect cce:/internal/x/prerequisite-imports
14:07:37.848 debug: transform url: 'cce:/internal/x/prerequisite-imports' costs: 20.50 ms
14:07:37.850 debug: Resolve file:///C:/ProgramData/cocos/editors/Creator/3.8.6/resources/resources/3d/engine/editor/assets/default_renderpipeline/builtin-dof-pass.ts from cce:/internal/x/prerequisite-imports as file:///C:/ProgramData/cocos/editors/Creator/3.8.6/resources/resources/3d/engine/editor/assets/default_renderpipeline/builtin-dof-pass.ts.
14:07:37.851 debug: Resolve file:///C:/ProgramData/cocos/editors/Creator/3.8.6/resources/resources/3d/engine/editor/assets/default_renderpipeline/builtin-pipeline-pass.ts from cce:/internal/x/prerequisite-imports as file:///C:/ProgramData/cocos/editors/Creator/3.8.6/resources/resources/3d/engine/editor/assets/default_renderpipeline/builtin-pipeline-pass.ts.
14:07:37.852 debug: Resolve file:///C:/ProgramData/cocos/editors/Creator/3.8.6/resources/resources/3d/engine/editor/assets/default_renderpipeline/builtin-pipeline-settings.ts from cce:/internal/x/prerequisite-imports as file:///C:/ProgramData/cocos/editors/Creator/3.8.6/resources/resources/3d/engine/editor/assets/default_renderpipeline/builtin-pipeline-settings.ts.
14:07:37.853 debug: Resolve file:///C:/ProgramData/cocos/editors/Creator/3.8.6/resources/resources/3d/engine/editor/assets/default_renderpipeline/builtin-pipeline-types.ts from cce:/internal/x/prerequisite-imports as file:///C:/ProgramData/cocos/editors/Creator/3.8.6/resources/resources/3d/engine/editor/assets/default_renderpipeline/builtin-pipeline-types.ts.
14:07:37.854 debug: Resolve file:///C:/ProgramData/cocos/editors/Creator/3.8.6/resources/resources/3d/engine/editor/assets/default_renderpipeline/builtin-pipeline.ts from cce:/internal/x/prerequisite-imports as file:///C:/ProgramData/cocos/editors/Creator/3.8.6/resources/resources/3d/engine/editor/assets/default_renderpipeline/builtin-pipeline.ts.
14:07:37.855 debug: Resolve file:///C:/ProgramData/cocos/editors/Creator/3.8.6/resources/resources/3d/engine/editor/assets/tools/debug-view-runtime-control.ts from cce:/internal/x/prerequisite-imports as file:///C:/ProgramData/cocos/editors/Creator/3.8.6/resources/resources/3d/engine/editor/assets/tools/debug-view-runtime-control.ts.
14:07:37.857 debug: Resolve file:///D:/Dev/Games/gambling-mini-game/assets/scripts/core/EventBus.ts from cce:/internal/x/prerequisite-imports as file:///D:/Dev/Games/gambling-mini-game/assets/scripts/core/EventBus.ts.
14:07:37.860 debug: Resolve file:///D:/Dev/Games/gambling-mini-game/assets/scripts/core/GameEvents.ts from cce:/internal/x/prerequisite-imports as file:///D:/Dev/Games/gambling-mini-game/assets/scripts/core/GameEvents.ts.
14:07:37.861 debug: Inspect file:///D:/Dev/Games/gambling-mini-game/assets/scripts/core/GameEvents.ts
14:07:37.884 debug: transform url: 'file:///D:/Dev/Games/gambling-mini-game/assets/scripts/core/GameEvents.ts' costs: 23.80 ms
14:07:37.886 debug: Resolve file:///D:/Dev/Games/gambling-mini-game/assets/scripts/core/GameFlowState.ts from cce:/internal/x/prerequisite-imports as file:///D:/Dev/Games/gambling-mini-game/assets/scripts/core/GameFlowState.ts.
14:07:37.887 debug: Resolve file:///D:/Dev/Games/gambling-mini-game/assets/scripts/core/GameManager.ts from cce:/internal/x/prerequisite-imports as file:///D:/Dev/Games/gambling-mini-game/assets/scripts/core/GameManager.ts.
14:07:37.887 debug: Resolve file:///D:/Dev/Games/gambling-mini-game/assets/scripts/data/GameConfig.ts from cce:/internal/x/prerequisite-imports as file:///D:/Dev/Games/gambling-mini-game/assets/scripts/data/GameConfig.ts.
14:07:37.888 debug: Resolve file:///D:/Dev/Games/gambling-mini-game/assets/scripts/data/Types.ts from cce:/internal/x/prerequisite-imports as file:///D:/Dev/Games/gambling-mini-game/assets/scripts/data/Types.ts.
14:07:37.888 debug: Resolve file:///D:/Dev/Games/gambling-mini-game/assets/scripts/game/AudioController.ts from cce:/internal/x/prerequisite-imports as file:///D:/Dev/Games/gambling-mini-game/assets/scripts/game/AudioController.ts.
14:07:37.889 debug: Resolve file:///D:/Dev/Games/gambling-mini-game/assets/scripts/game/FullscreenController.ts from cce:/internal/x/prerequisite-imports as file:///D:/Dev/Games/gambling-mini-game/assets/scripts/game/FullscreenController.ts.
14:07:37.889 debug: Resolve file:///D:/Dev/Games/gambling-mini-game/assets/scripts/game/WheelController.ts from cce:/internal/x/prerequisite-imports as file:///D:/Dev/Games/gambling-mini-game/assets/scripts/game/WheelController.ts.
14:07:37.890 debug: Resolve file:///D:/Dev/Games/gambling-mini-game/assets/scripts/services/GameService.ts from cce:/internal/x/prerequisite-imports as file:///D:/Dev/Games/gambling-mini-game/assets/scripts/services/GameService.ts.
14:07:37.891 debug: Resolve file:///D:/Dev/Games/gambling-mini-game/assets/scripts/services/RandomService.ts from cce:/internal/x/prerequisite-imports as file:///D:/Dev/Games/gambling-mini-game/assets/scripts/services/RandomService.ts.
14:07:37.891 debug: Resolve file:///D:/Dev/Games/gambling-mini-game/assets/scripts/strategies/LoseStrategy.ts from cce:/internal/x/prerequisite-imports as file:///D:/Dev/Games/gambling-mini-game/assets/scripts/strategies/LoseStrategy.ts.
14:07:37.892 debug: Resolve file:///D:/Dev/Games/gambling-mini-game/assets/scripts/strategies/ResultStrategy.ts from cce:/internal/x/prerequisite-imports as file:///D:/Dev/Games/gambling-mini-game/assets/scripts/strategies/ResultStrategy.ts.
14:07:37.892 debug: Resolve file:///D:/Dev/Games/gambling-mini-game/assets/scripts/strategies/WinStrategy.ts from cce:/internal/x/prerequisite-imports as file:///D:/Dev/Games/gambling-mini-game/assets/scripts/strategies/WinStrategy.ts.
14:07:37.893 debug: Resolve file:///D:/Dev/Games/gambling-mini-game/assets/scripts/ui/UIController.ts from cce:/internal/x/prerequisite-imports as file:///D:/Dev/Games/gambling-mini-game/assets/scripts/ui/UIController.ts.
14:07:37.893 debug: Resolve file:///D:/Dev/Games/gambling-mini-game/assets/scripts/utils/MathUtils.ts from cce:/internal/x/prerequisite-imports as file:///D:/Dev/Games/gambling-mini-game/assets/scripts/utils/MathUtils.ts.
14:07:37.895 debug: Resolve file:///D:/Dev/Games/gambling-mini-game/assets/scripts/utils/TweenUtils.ts from cce:/internal/x/prerequisite-imports as file:///D:/Dev/Games/gambling-mini-game/assets/scripts/utils/TweenUtils.ts.
14:07:37.896 debug: Resolve cc from file:///D:/Dev/Games/gambling-mini-game/assets/scripts/core/GameEvents.ts as cce:/internal/x/cc.
14:07:37.896 debug: Resolve cc from file:///D:/Dev/Games/gambling-mini-game/assets/scripts/core/GameEvents.ts as cce:/internal/x/cc.
14:07:37.896 debug: Resolve cc from file:///D:/Dev/Games/gambling-mini-game/assets/scripts/core/GameEvents.ts as cce:/internal/x/cc.
14:07:37.913 debug: Target(editor) ends with cost 87.2160000000149ms.
14:07:37.913 debug: Target(preview) build started.
14:07:37.916 debug: Detected change: cce:/internal/x/prerequisite-imports. Last mtime: Thu Jan 01 1970 03:13:19 GMT+0300 (Москва, стандартное время), Current mtime: Thu Jan 01 1970 03:13:24 GMT+0300 (Москва, стандартное время)
14:07:37.916 debug: Inspect cce:/internal/x/prerequisite-imports
14:07:37.935 debug: transform url: 'cce:/internal/x/prerequisite-imports' costs: 18.20 ms
14:07:37.936 debug: Resolve file:///C:/ProgramData/cocos/editors/Creator/3.8.6/resources/resources/3d/engine/editor/assets/default_renderpipeline/builtin-dof-pass.ts from cce:/internal/x/prerequisite-imports as file:///C:/ProgramData/cocos/editors/Creator/3.8.6/resources/resources/3d/engine/editor/assets/default_renderpipeline/builtin-dof-pass.ts.
14:07:37.937 debug: Resolve file:///C:/ProgramData/cocos/editors/Creator/3.8.6/resources/resources/3d/engine/editor/assets/default_renderpipeline/builtin-pipeline-pass.ts from cce:/internal/x/prerequisite-imports as file:///C:/ProgramData/cocos/editors/Creator/3.8.6/resources/resources/3d/engine/editor/assets/default_renderpipeline/builtin-pipeline-pass.ts.
14:07:37.938 debug: Resolve file:///C:/ProgramData/cocos/editors/Creator/3.8.6/resources/resources/3d/engine/editor/assets/default_renderpipeline/builtin-pipeline-settings.ts from cce:/internal/x/prerequisite-imports as file:///C:/ProgramData/cocos/editors/Creator/3.8.6/resources/resources/3d/engine/editor/assets/default_renderpipeline/builtin-pipeline-settings.ts.
14:07:37.940 debug: Resolve file:///C:/ProgramData/cocos/editors/Creator/3.8.6/resources/resources/3d/engine/editor/assets/default_renderpipeline/builtin-pipeline-types.ts from cce:/internal/x/prerequisite-imports as file:///C:/ProgramData/cocos/editors/Creator/3.8.6/resources/resources/3d/engine/editor/assets/default_renderpipeline/builtin-pipeline-types.ts.
14:07:37.941 debug: Resolve file:///C:/ProgramData/cocos/editors/Creator/3.8.6/resources/resources/3d/engine/editor/assets/default_renderpipeline/builtin-pipeline.ts from cce:/internal/x/prerequisite-imports as file:///C:/ProgramData/cocos/editors/Creator/3.8.6/resources/resources/3d/engine/editor/assets/default_renderpipeline/builtin-pipeline.ts.
14:07:37.942 debug: Resolve file:///C:/ProgramData/cocos/editors/Creator/3.8.6/resources/resources/3d/engine/editor/assets/tools/debug-view-runtime-control.ts from cce:/internal/x/prerequisite-imports as file:///C:/ProgramData/cocos/editors/Creator/3.8.6/resources/resources/3d/engine/editor/assets/tools/debug-view-runtime-control.ts.
14:07:37.943 debug: Resolve file:///D:/Dev/Games/gambling-mini-game/assets/scripts/core/EventBus.ts from cce:/internal/x/prerequisite-imports as file:///D:/Dev/Games/gambling-mini-game/assets/scripts/core/EventBus.ts.
14:07:37.943 debug: Resolve file:///D:/Dev/Games/gambling-mini-game/assets/scripts/core/GameEvents.ts from cce:/internal/x/prerequisite-imports as file:///D:/Dev/Games/gambling-mini-game/assets/scripts/core/GameEvents.ts.
14:07:37.943 debug: Inspect file:///D:/Dev/Games/gambling-mini-game/assets/scripts/core/GameEvents.ts
14:07:37.967 debug: transform url: 'file:///D:/Dev/Games/gambling-mini-game/assets/scripts/core/GameEvents.ts' costs: 23.90 ms
14:07:37.969 debug: Resolve file:///D:/Dev/Games/gambling-mini-game/assets/scripts/core/GameFlowState.ts from cce:/internal/x/prerequisite-imports as file:///D:/Dev/Games/gambling-mini-game/assets/scripts/core/GameFlowState.ts.
14:07:37.970 debug: Resolve file:///D:/Dev/Games/gambling-mini-game/assets/scripts/core/GameManager.ts from cce:/internal/x/prerequisite-imports as file:///D:/Dev/Games/gambling-mini-game/assets/scripts/core/GameManager.ts.
14:07:37.971 debug: Resolve file:///D:/Dev/Games/gambling-mini-game/assets/scripts/data/GameConfig.ts from cce:/internal/x/prerequisite-imports as file:///D:/Dev/Games/gambling-mini-game/assets/scripts/data/GameConfig.ts.
14:07:37.971 debug: Resolve file:///D:/Dev/Games/gambling-mini-game/assets/scripts/data/Types.ts from cce:/internal/x/prerequisite-imports as file:///D:/Dev/Games/gambling-mini-game/assets/scripts/data/Types.ts.
14:07:37.972 debug: Resolve file:///D:/Dev/Games/gambling-mini-game/assets/scripts/game/AudioController.ts from cce:/internal/x/prerequisite-imports as file:///D:/Dev/Games/gambling-mini-game/assets/scripts/game/AudioController.ts.
14:07:37.972 debug: Resolve file:///D:/Dev/Games/gambling-mini-game/assets/scripts/game/FullscreenController.ts from cce:/internal/x/prerequisite-imports as file:///D:/Dev/Games/gambling-mini-game/assets/scripts/game/FullscreenController.ts.
14:07:37.973 debug: Resolve file:///D:/Dev/Games/gambling-mini-game/assets/scripts/game/WheelController.ts from cce:/internal/x/prerequisite-imports as file:///D:/Dev/Games/gambling-mini-game/assets/scripts/game/WheelController.ts.
14:07:37.973 debug: Resolve file:///D:/Dev/Games/gambling-mini-game/assets/scripts/services/GameService.ts from cce:/internal/x/prerequisite-imports as file:///D:/Dev/Games/gambling-mini-game/assets/scripts/services/GameService.ts.
14:07:37.974 debug: Resolve file:///D:/Dev/Games/gambling-mini-game/assets/scripts/services/RandomService.ts from cce:/internal/x/prerequisite-imports as file:///D:/Dev/Games/gambling-mini-game/assets/scripts/services/RandomService.ts.
14:07:37.974 debug: Resolve file:///D:/Dev/Games/gambling-mini-game/assets/scripts/strategies/LoseStrategy.ts from cce:/internal/x/prerequisite-imports as file:///D:/Dev/Games/gambling-mini-game/assets/scripts/strategies/LoseStrategy.ts.
14:07:37.975 debug: Resolve file:///D:/Dev/Games/gambling-mini-game/assets/scripts/strategies/ResultStrategy.ts from cce:/internal/x/prerequisite-imports as file:///D:/Dev/Games/gambling-mini-game/assets/scripts/strategies/ResultStrategy.ts.
14:07:37.976 debug: Resolve file:///D:/Dev/Games/gambling-mini-game/assets/scripts/strategies/WinStrategy.ts from cce:/internal/x/prerequisite-imports as file:///D:/Dev/Games/gambling-mini-game/assets/scripts/strategies/WinStrategy.ts.
14:07:37.976 debug: Resolve file:///D:/Dev/Games/gambling-mini-game/assets/scripts/ui/UIController.ts from cce:/internal/x/prerequisite-imports as file:///D:/Dev/Games/gambling-mini-game/assets/scripts/ui/UIController.ts.
14:07:37.977 debug: Resolve file:///D:/Dev/Games/gambling-mini-game/assets/scripts/utils/MathUtils.ts from cce:/internal/x/prerequisite-imports as file:///D:/Dev/Games/gambling-mini-game/assets/scripts/utils/MathUtils.ts.
14:07:37.977 debug: Resolve file:///D:/Dev/Games/gambling-mini-game/assets/scripts/utils/TweenUtils.ts from cce:/internal/x/prerequisite-imports as file:///D:/Dev/Games/gambling-mini-game/assets/scripts/utils/TweenUtils.ts.
14:07:37.978 debug: Resolve cc from file:///D:/Dev/Games/gambling-mini-game/assets/scripts/core/GameEvents.ts as cce:/internal/x/cc.
14:07:37.978 debug: Resolve cc from file:///D:/Dev/Games/gambling-mini-game/assets/scripts/core/GameEvents.ts as cce:/internal/x/cc.
14:07:37.978 debug: Resolve cc from file:///D:/Dev/Games/gambling-mini-game/assets/scripts/core/GameEvents.ts as cce:/internal/x/cc.
14:07:37.996 debug: Target(preview) ends with cost 82.6604000000516ms.
